Conta;Data;Posição_USD
ACC0001;2024-01-01;1099342.83
ACC0001;2024-01-02;1099442.83
ACC0001;2024-01-03;1099542.83
ACC0001;2024-01-04;1099642.83
ACC0001;2024-01-05;1099742.83
ACC0001;2024-01-06;1099842.83
ACC0001;2024-01-07;1099942.83
ACC0001;2024-01-08;1100042.83
ACC0001;2024-01-09;1100142.83
ACC0001;2024-01-10;1100242.83
ACC0001;2024-01-11;1100342.83
ACC0001;2024-01-12;1100442.83
ACC0001;2024-01-13;1100542.83
ACC0001;2024-01-14;1100642.83
ACC0001;2024-01-15;1100742.83
ACC0001;2024-01-16;1100842.83
ACC0001;2024-01-17;1100942.83
ACC0001;2024-01-18;1101042.83
ACC0001;2024-01-19;1101142.83
ACC0001;2024-01-20;1101242.83
ACC0001;2024-01-21;1101342.83
ACC0001;2024-01-22;1101442.83
ACC0001;2024-01-23;1101542.83
ACC0001;2024-01-24;1101642.83
ACC0001;2024-01-25;1101742.83
ACC0001;2024-01-26;1101842.83
ACC0001;2024-01-27;1101942.83
ACC0001;2024-01-28;1102042.83
ACC0001;2024-01-29;1102142.83
ACC0001;2024-01-30;1102242.83
ACC0001;2024-01-31;1102342.83
ACC0001;2024-02-01;1102442.83
ACC0001;2024-02-02;1596487.0
ACC0001;2024-02-03;1596487.0
ACC0001;2024-02-04;1596487.0
ACC0001;2024-02-05;1596487.0
ACC0001;2024-02-06;1596487.0
ACC0001;2024-02-07;1596487.0
ACC0001;2024-02-08;1596487.0
ACC0001;2024-02-09;1596487.0
ACC0001;2024-02-10;1596487.0
ACC0001;2024-02-11;1596487.0
ACC0001;2024-02-12;1596487.0
ACC0001;2024-02-13;1596487.0
ACC0001;2024-02-14;1596487.0
ACC0001;2024-02-15;1596487.0
ACC0001;2024-02-16;1596487.0
ACC0001;2024-02-17;1596487.0
ACC0001;2024-02-18;1596487.0
ACC0001;2024-02-19;1596487.0
ACC0001;2024-02-20;1596487.0
ACC0001;2024-02-21;1596487.0
ACC0001;2024-02-22;1596487.0
ACC0001;2024-02-23;1596487.0
ACC0001;2024-02-24;1596487.0
ACC0001;2024-02-25;1596487.0
ACC0001;2024-02-26;1596487.0
ACC0001;2024-02-27;1596487.0
ACC0001;2024-02-28;1596487.0
ACC0001;2024-02-29;1596487.0
ACC0001;2024-03-01;1596487.0
ACC0001;2024-03-02;1596487.0
ACC0001;2024-03-03;1596487.0
ACC0001;2024-03-04;1596487.0
ACC0001;2024-03-05;1596487.0
ACC0001;2024-03-06;1596487.0
ACC0001;2024-03-07;1596487.0
ACC0001;2024-03-08;1596487.0
ACC0001;2024-03-09;1596487.0
ACC0001;2024-03-10;1596487.0
ACC0001;2024-03-11;1596487.0
ACC0001;2024-03-12;1596487.0
ACC0001;2024-03-13;1596487.0
ACC0001;2024-03-14;1596487.0
ACC0001;2024-03-15;1596487.0
ACC0001;2024-03-16;1596487.0
ACC0001;2024-03-17;1596487.0
ACC0001;2024-03-18;1596487.0
ACC0001;2024-03-19;1596487.0
ACC0001;2024-03-20;1596487.0
ACC0001;2024-03-21;1596487.0
ACC0001;2024-03-22;1596487.0
ACC0001;2024-03-23;1596487.0
ACC0001;2024-03-24;1596487.0
ACC0001;2024-03-25;1596487.0
ACC0001;2024-03-26;1596487.0
ACC0001;2024-03-27;1596487.0
ACC0001;2024-03-28;1596487.0
ACC0001;2024-03-29;1596487.0
ACC0001;2024-03-30;1596487.0
ACC0001;2024-03-31;1596487.0
ACC0001;2024-03-01;1596487.0
ACC0001;2024-03-02;1596487.0
ACC0001;2024-03-03;1596487.0
ACC0001;2024-03-04;1596487.0
ACC0001;2024-03-05;1596487.0
ACC0001;2024-03-06;1596487.0
ACC0001;2024-03-07;1596487.0
ACC0001;2024-03-08;1596487.0
ACC0001;2024-03-09;1596487.0
ACC0001;2024-03-10;1596487.0
ACC0001;2024-03-11;1596487.0
ACC0001;2024-03-12;1596487.0
ACC0001;2024-03-13;1596487.0
ACC0001;2024-03-14;1596487.0
ACC0001;2024-03-15;1596487.0
ACC0001;2024-03-16;1596487.0
ACC0001;2024-03-17;1596487.0
ACC0001;2024-03-18;1596487.0
ACC0001;2024-03-19;1596487.0
ACC0001;2024-03-20;1596487.0
ACC0001;2024-03-21;1596487.0
ACC0001;2024-03-22;1596487.0
ACC0001;2024-03-23;1596487.0
ACC0001;2024-03-24;1596487.0
ACC0001;2024-03-25;1596487.0
ACC0001;2024-03-26;1596487.0
ACC0001;2024-03-27;1596487.0
ACC0001;2024-03-28;1596487.0
ACC0001;2024-03-29;1596487.0
ACC0001;2024-03-30;1596487.0
ACC0001;2024-03-31;1596487.0
ACC0001;2024-04-01;1596487.0
ACC0001;2024-04-02;1496487.0
ACC0001;2024-04-03;1396487.0
ACC0001;2024-04-04;1296487.0
ACC0001;2024-04-05;1196487.0
ACC0001;2024-04-06;1096487.0
ACC0001;2024-04-07;996487.0
ACC0001;2024-04-08;996637.0
ACC0001;2024-04-09;996787.0
ACC0001;2024-04-10;996937.0
ACC0001;2024-04-11;997087.0
ACC0001;2024-04-12;997237.0
ACC0001;2024-04-13;997387.0
ACC0001;2024-04-14;997537.0
ACC0001;2024-04-15;997687.0
ACC0001;2024-04-16;997837.0
ACC0001;2024-04-17;997987.0
ACC0001;2024-04-18;998137.0
ACC0001;2024-04-19;998287.0
ACC0001;2024-04-20;998437.0
ACC0001;2024-04-21;998587.0
ACC0001;2024-04-22;998737.0
ACC0001;2024-04-23;998887.0
ACC0001;2024-04-24;999037.0
ACC0001;2024-04-25;999187.0
ACC0001;2024-04-26;999337.0
ACC0001;2024-04-27;999487.0
ACC0001;2024-04-28;999637.0
ACC0001;2024-04-29;999787.0
ACC0001;2024-04-30;999937.0
ACC0001;2024-05-01;1000087.0
ACC0001;2024-05-02;1000237.0
ACC0001;2024-05-03;1000387.0
ACC0001;2024-05-04;1000537.0
ACC0001;2024-05-05;1000687.0
ACC0001;2024-05-06;1000837.0
ACC0001;2024-05-07;1000987.0
ACC0001;2024-05-08;1001137.0
ACC0001;2024-05-09;1001287.0
ACC0001;2024-05-10;1001437.0
ACC0001;2024-05-11;1001587.0
ACC0001;2024-05-12;1001737.0
ACC0001;2024-05-13;1001887.0
ACC0001;2024-05-14;1002037.0
ACC0001;2024-05-15;1002187.0
ACC0001;2024-05-16;1002337.0
ACC0001;2024-05-17;1002487.0
ACC0001;2024-05-18;1002637.0
ACC0001;2024-05-19;1002787.0
ACC0001;2024-05-20;1002937.0
ACC0001;2024-05-21;1003087.0
ACC0001;2024-05-22;1003237.0
ACC0001;2024-05-23;1003387.0
ACC0001;2024-05-24;1003537.0
ACC0001;2024-05-25;1003687.0
ACC0001;2024-05-26;1003837.0
ACC0001;2024-05-27;1003987.0
ACC0001;2024-05-28;1004137.0
ACC0001;2024-05-29;1004287.0
ACC0001;2024-05-30;1004437.0
ACC0001;2024-05-31;1004587.0
ACC0001;2024-06-01;1004737.0
ACC0001;2024-06-02;1004887.0
ACC0001;2024-06-03;1005037.0
ACC0001;2024-06-04;1005187.0
ACC0001;2024-06-05;1005337.0
ACC0001;2024-06-06;1005487.0
ACC0001;2024-06-07;1005637.0
ACC0001;2024-06-08;1005787.0
ACC0001;2024-06-09;1005937.0
ACC0001;2024-06-10;1006087.0
ACC0001;2024-06-11;1006237.0
ACC0001;2024-06-12;1006387.0
ACC0001;2024-06-13;1006537.0
ACC0001;2024-06-14;1006687.0
ACC0001;2024-06-15;1006837.0
ACC0001;2024-06-16;1006987.0
ACC0001;2024-06-17;1007137.0
ACC0001;2024-06-18;1007287.0
ACC0001;2024-06-19;1007437.0
ACC0001;2024-06-20;1007587.0
ACC0001;2024-06-21;1007737.0
ACC0001;2024-06-22;1007887.0
ACC0001;2024-06-23;1008037.0
ACC0001;2024-06-24;1008187.0
ACC0001;2024-06-25;1008337.0
ACC0001;2024-06-26;1008487.0
ACC0001;2024-06-27;1008637.0
ACC0001;2024-06-28;1008787.0
ACC0001;2024-06-29;1008937.0
ACC0001;2024-06-30;1009087.0
ACC0001;2024-07-01;1009237.0
ACC0001;2024-07-02;1009387.0
ACC0001;2024-07-03;1009537.0
ACC0001;2024-07-04;1009687.0
ACC0001;2024-07-05;1009837.0
ACC0001;2024-07-06;1009987.0
ACC0001;2024-07-07;1010137.0
ACC0001;2024-07-08;1010287.0
ACC0001;2024-07-09;1010437.0
ACC0001;2024-07-10;1010587.0
ACC0001;2024-07-11;1010737.0
ACC0001;2024-07-12;1010887.0
ACC0001;2024-07-13;1011037.0
ACC0001;2024-07-14;1011187.0
ACC0001;2024-07-15;1011337.0
ACC0001;2024-07-16;1011487.0
ACC0001;2024-07-17;1011637.0
ACC0001;2024-07-18;1011787.0
ACC0001;2024-07-19;1011937.0
ACC0001;2024-07-20;1012087.0
ACC0001;2024-07-21;1012237.0
ACC0001;2024-07-22;1012387.0
ACC0001;2024-07-23;1012537.0
ACC0001;2024-07-24;1112537.0
ACC0001;2024-07-25;1212537.0
ACC0001;2024-07-26;1312537.0
ACC0001;2024-07-27;1412537.0
ACC0001;2024-07-28;1512537.0
ACC0001;2024-07-29;1612537.0
ACC0001;2024-07-30;1712537.0
ACC0001;2024-07-31;1812537.0
ACC0001;2024-08-01;1912537.0
ACC0001;2024-08-02;2012537.0
ACC0001;2024-08-03;2112537.0
ACC0001;2024-08-04;2212537.0
ACC0001;2024-08-05;2312537.0
ACC0001;2024-08-06;2412537.0
ACC0001;2024-08-07;2512537.0
ACC0001;2024-08-08;2512587.0
ACC0001;2024-08-09;2512637.0
ACC0001;2024-08-10;2512687.0
ACC0001;2024-08-11;2512737.0
ACC0001;2024-08-12;2512787.0
ACC0001;2024-08-13;2512837.0
ACC0001;2024-08-14;2512887.0
ACC0001;2024-08-15;2512937.0
ACC0001;2024-08-16;2512987.0
ACC0001;2024-08-17;2513037.0
ACC0001;2024-08-18;2513087.0
ACC0001;2024-08-19;2513137.0
ACC0001;2024-08-20;2513187.0
ACC0001;2024-08-21;2513237.0
ACC0001;2024-08-22;2513287.0
ACC0001;2024-08-23;2513337.0
ACC0001;2024-08-24;2513387.0
ACC0001;2024-08-25;2513437.0
ACC0001;2024-08-26;2513487.0
ACC0001;2024-08-27;2513537.0
ACC0001;2024-08-28;2513587.0
ACC0001;2024-08-29;2513637.0
ACC0001;2024-08-30;2513687.0
ACC0001;2024-08-31;2513737.0
ACC0001;2024-09-01;2513787.0
ACC0001;2024-09-02;2513837.0
ACC0001;2024-09-03;2513887.0
ACC0001;2024-09-04;2513937.0
ACC0001;2024-09-05;2513987.0
ACC0001;2024-09-06;2514037.0
ACC0001;2024-09-07;2514087.0
ACC0001;2024-09-08;2514137.0
ACC0001;2024-09-09;2514187.0
ACC0001;2024-09-10;2514237.0
ACC0001;2024-09-11;2514287.0
ACC0001;2024-09-12;2514337.0
ACC0001;2024-09-13;2514387.0
ACC0001;2024-09-14;2514437.0
ACC0001;2024-09-15;2514487.0
ACC0001;2024-09-16;2514537.0
ACC0001;2024-09-17;2514587.0
ACC0001;2024-09-18;2514637.0
ACC0001;2024-09-19;2514687.0
ACC0001;2024-09-20;2514737.0
ACC0001;2024-09-21;2514787.0
ACC0001;2024-09-22;2514837.0
ACC0001;2024-09-23;2514887.0
ACC0001;2024-09-24;2514937.0
ACC0001;2024-09-25;2514987.0
ACC0001;2024-09-26;2515037.0
ACC0001;2024-09-27;2515087.0
ACC0001;2024-09-28;2515137.0
ACC0001;2024-09-29;2515187.0
ACC0001;2024-09-30;2515237.0
ACC0001;2024-10-01;2515287.0
ACC0001;2024-10-02;2515337.0
ACC0001;2024-10-03;2515387.0
ACC0001;2024-10-04;2515437.0
ACC0001;2024-10-05;2515487.0
ACC0001;2024-10-06;2515537.0
ACC0001;2024-10-07;2515587.0
ACC0001;2024-10-08;2015587.0
ACC0001;2024-10-09;2015709.0
ACC0001;2024-10-10;2015831.0
ACC0001;2024-10-11;2015953.0
ACC0001;2024-10-12;2016075.0
ACC0001;2024-10-13;2016197.0
ACC0001;2024-10-14;2016319.0
ACC0001;2024-10-15;2016441.0
ACC0001;2024-10-16;2016563.0
ACC0001;2024-10-17;2016685.0
ACC0001;2024-10-18;2016807.0
ACC0001;2024-10-19;2016929.0
ACC0001;2024-10-20;2017051.0
ACC0001;2024-10-21;2017173.0
ACC0001;2024-10-22;2017295.0
ACC0001;2024-10-23;2017417.0
ACC0001;2024-10-24;2017539.0
ACC0001;2024-10-25;2017661.0
ACC0001;2024-10-26;2017783.0
ACC0001;2024-10-27;2017905.0
ACC0001;2024-10-28;2018027.0
ACC0001;2024-10-29;2018149.0
ACC0001;2024-10-30;2018271.0
ACC0001;2024-10-31;2018393.0
ACC0001;2024-11-01;2018515.0
ACC0001;2024-11-02;2018637.0
ACC0001;2024-11-03;2018759.0
ACC0001;2024-11-04;2018881.0
ACC0001;2024-11-05;2019003.0
ACC0001;2024-11-06;2019125.0
ACC0001;2024-11-07;2019247.0
ACC0001;2024-11-08;2019369.0
ACC0001;2024-11-09;2019491.0
ACC0001;2024-11-10;2019613.0
ACC0001;2024-11-11;2019735.0
ACC0001;2024-11-12;2019857.0
ACC0001;2024-11-13;2019979.0
ACC0001;2024-11-14;2020101.0
ACC0001;2024-11-15;2020223.0
ACC0001;2024-11-16;2020345.0
ACC0001;2024-11-17;2020467.0
ACC0001;2024-11-18;2020589.0
ACC0001;2024-11-19;2020711.0
ACC0001;2024-11-20;2020833.0
ACC0001;2024-11-21;2020955.0
ACC0001;2024-11-22;2021077.0
ACC0001;2024-11-23;2021199.0
ACC0001;2024-11-24;2021321.0
ACC0001;2024-11-25;2021443.0
ACC0001;2024-11-26;2021565.0
ACC0001;2024-11-27;2021687.0
ACC0001;2024-11-28;2021809.0
ACC0001;2024-11-29;2021931.0
ACC0001;2024-11-30;2022053.0
ACC0001;2024-12-01;2022175.0
ACC0001;2024-12-02;2022297.0
ACC0001;2024-12-03;2022419.0
ACC0001;2024-12-04;2022541.0
ACC0001;2024-12-05;2022663.0
ACC0001;2024-12-06;2022785.0
ACC0001;2024-12-07;2022907.0
ACC0001;2024-12-08;2023029.0
ACC0001;2024-12-09;2023151.0
ACC0001;2024-12-10;2023273.0
ACC0001;2024-12-11;2023395.0
ACC0001;2024-12-12;2023517.0
ACC0001;2024-12-13;2023639.0
ACC0001;2024-12-14;2023761.0
ACC0001;2024-12-15;2023883.0
ACC0001;2024-12-16;2024005.0
ACC0001;2024-12-17;2024127.0
ACC0001;2024-12-18;2024249.0
ACC0001;2024-12-19;2024371.0
ACC0001;2024-12-20;2024493.0
ACC0001;2024-12-21;2024615.0
ACC0001;2024-12-22;2024737.0
ACC0001;2024-12-23;2024859.0
ACC0001;2024-12-24;2024981.0
ACC0001;2024-12-25;2025103.0
ACC0001;2024-12-26;2025225.0
ACC0001;2024-12-27;2025347.0
ACC0001;2024-12-28;2025469.0
ACC0001;2024-12-29;2025591.0
ACC0001;2024-12-30;2025713.0
ACC0001;2024-12-31;2025835.0
ACC0001;2025-01-01;2025957.0
ACC0001;2025-01-02;2026079.0
ACC0001;2025-01-03;2026201.0
ACC0001;2025-01-04;2026323.0
ACC0001;2025-01-05;2026445.0
ACC0001;2025-01-06;2026567.0
ACC0001;2025-01-07;2026689.0
ACC0001;2025-01-08;2026811.0
ACC0001;2025-01-09;2026933.0
ACC0001;2025-01-10;2027055.0
ACC0001;2025-01-11;2027177.0
ACC0001;2025-01-12;2027299.0
ACC0001;2025-01-13;2027421.0
ACC0001;2025-01-14;2027543.0
ACC0001;2025-01-15;2027665.0
ACC0001;2025-01-16;2027787.0
ACC0001;2025-01-17;2027909.0
ACC0001;2025-01-18;2028031.0
ACC0001;2025-01-19;2028153.0
ACC0001;2025-01-20;2028275.0
ACC0001;2025-01-21;2028397.0
ACC0001;2025-01-22;2028519.0
ACC0001;2025-01-23;2028641.0
ACC0001;2025-01-24;2028763.0
ACC0001;2025-01-25;2028885.0
ACC0001;2025-01-26;2029007.0
ACC0001;2025-01-27;2029129.0
ACC0001;2025-01-28;2029251.0
ACC0001;2025-01-29;2029373.0
ACC0001;2025-01-30;2029495.0
ACC0001;2025-01-31;2029617.0
ACC0001;2025-02-01;2029739.0
ACC0001;2025-02-02;2029861.0
ACC0001;2025-02-03;2029983.0
ACC0001;2025-02-04;2030105.0
ACC0001;2025-02-05;2030227.0
ACC0001;2025-02-06;2030349.0
ACC0001;2025-02-07;2030471.0
ACC0001;2025-02-08;2030593.0
ACC0001;2025-02-09;2030715.0
ACC0001;2025-02-10;2030837.0
ACC0001;2025-02-11;2030959.0
ACC0001;2025-02-12;2031081.0
ACC0001;2025-02-13;2031203.0
ACC0001;2025-02-14;2031325.0
ACC0001;2025-02-15;2031447.0
ACC0001;2025-02-16;2031569.0
ACC0001;2025-02-17;2031691.0
ACC0001;2025-02-18;2031813.0
ACC0001;2025-02-19;2031935.0
ACC0001;2025-02-20;2032057.0
ACC0001;2025-02-21;2032179.0
ACC0001;2025-02-22;2032301.0
ACC0001;2025-02-23;2032423.0
ACC0001;2025-02-24;2032545.0
ACC0001;2025-02-25;2032667.0
ACC0001;2025-02-26;2032789.0
ACC0001;2025-02-27;2032911.0
ACC0001;2025-02-28;2033033.0
ACC0001;2025-03-01;2033155.0
ACC0001;2025-03-02;2033277.0
ACC0001;2025-03-03;2033399.0
ACC0001;2025-03-04;2033521.0
ACC0001;2025-03-05;2033643.0
ACC0001;2025-03-06;2033765.0
ACC0001;2025-03-07;2033887.0
ACC0001;2025-03-08;2034009.0
ACC0001;2025-03-09;2034131.0
ACC0001;2025-03-10;2034253.0
ACC0001;2025-03-11;2034375.0
ACC0001;2025-03-12;2034497.0
ACC0001;2025-03-13;2034619.0
ACC0001;2025-03-14;2034741.0
ACC0001;2025-03-15;2034863.0
ACC0001;2025-03-16;2034985.0
ACC0001;2025-03-17;2035107.0
ACC0001;2025-03-18;2035229.0
ACC0001;2025-03-19;2035351.0
ACC0001;2025-03-20;2035473.0
ACC0001;2025-03-21;2035595.0
ACC0001;2025-03-22;2035717.0
ACC0001;2025-03-23;2035839.0
ACC0001;2025-03-24;2035961.0
ACC0001;2025-03-25;2036083.0
ACC0001;2025-03-26;2036205.0
ACC0001;2025-03-27;2036327.0
ACC0001;2025-03-28;2036449.0
ACC0001;2025-03-29;2036571.0
ACC0001;2025-03-30;2036693.0
ACC0001;2025-03-31;2036815.0
ACC0001;2025-04-01;2036937.0
ACC0001;2025-04-02;2037059.0
ACC0001;2025-04-03;2037181.0
ACC0001;2025-04-04;2037303.0
ACC0001;2025-04-05;2037425.0
ACC0001;2025-04-06;2037547.0
ACC0001;2025-04-07;2037669.0
ACC0001;2025-04-08;2037791.0
ACC0001;2025-04-09;2037913.0
ACC0001;2025-04-10;2038035.0
ACC0001;2025-04-11;2038157.0
ACC0001;2025-04-12;2038279.0
ACC0001;2025-04-13;2038401.0
ACC0001;2025-04-14;2038523.0
ACC0001;2025-04-15;2038645.0
ACC0001;2025-04-16;2038767.0
ACC0001;2025-04-17;2038889.0
ACC0001;2025-04-18;2039011.0
ACC0001;2025-04-19;2039133.0
ACC0001;2025-04-20;2039255.0
ACC0001;2025-04-21;2039377.0
ACC0001;2025-04-22;2039499.0
ACC0001;2025-04-23;2039621.0
ACC0001;2025-04-24;2039743.0
ACC0001;2025-04-25;2039865.0
ACC0001;2025-04-26;2039987.0
ACC0001;2025-04-27;2040109.0
ACC0001;2025-04-28;2040231.0
ACC0001;2025-04-29;2040353.0
ACC0001;2025-04-30;2040475.0
ACC0001;2025-05-01;2040597.0
ACC0001;2025-05-02;2040719.0
ACC0001;2025-05-03;2040841.0
ACC0001;2025-05-04;2040963.0
ACC0001;2025-05-05;2041085.0
ACC0001;2025-05-06;2041207.0
ACC0001;2025-05-07;2041329.0
ACC0001;2025-05-08;2041451.0
ACC0001;2025-05-09;2041573.0
ACC0001;2025-05-10;2041695.0
ACC0001;2025-05-11;2041817.0
ACC0001;2025-05-12;2041939.0
ACC0001;2025-05-13;2042061.0
ACC0001;2025-05-14;2042183.0
ACC0001;2025-05-15;2042305.0
ACC0002;2024-01-01;3737765.62
ACC0002;2024-01-02;3738105.62
ACC0002;2024-01-03;3738445.62
ACC0002;2024-01-04;3738785.62
ACC0002;2024-01-05;3739125.62
ACC0002;2024-01-06;3739465.62
ACC0002;2024-01-07;3739805.62
ACC0002;2024-01-08;3740145.62
ACC0002;2024-01-09;3740485.62
ACC0002;2024-01-10;3740825.62
ACC0002;2024-01-11;3741165.62
ACC0002;2024-01-12;3741505.62
ACC0002;2024-01-13;3741845.62
ACC0002;2024-01-14;3742185.62
ACC0002;2024-01-15;3742525.62
ACC0002;2024-01-16;3742865.62
ACC0002;2024-01-17;3743205.62
ACC0002;2024-01-18;3743545.62
ACC0002;2024-01-19;3743885.62
ACC0002;2024-01-20;3744225.62
ACC0002;2024-01-21;3744565.62
ACC0002;2024-01-22;3744905.62
ACC0002;2024-01-23;3745245.62
ACC0002;2024-01-24;3745585.62
ACC0002;2024-01-25;3745925.62
ACC0002;2024-01-26;3746265.62
ACC0002;2024-01-27;3746605.62
ACC0002;2024-01-28;3746945.62
ACC0002;2024-01-29;3747285.62
ACC0002;2024-01-30;3747625.62
ACC0002;2024-01-31;3747965.62
ACC0002;2024-02-01;3748305.62
ACC0002;2024-02-02;5428055.8
ACC0002;2024-02-03;5428055.8
ACC0002;2024-02-04;5428055.8
ACC0002;2024-02-05;5428055.8
ACC0002;2024-02-06;5428055.8
ACC0002;2024-02-07;5428055.8
ACC0002;2024-02-08;5428055.8
ACC0002;2024-02-09;5428055.8
ACC0002;2024-02-10;5428055.8
ACC0002;2024-02-11;5428055.8
ACC0002;2024-02-12;5428055.8
ACC0002;2024-02-13;5428055.8
ACC0002;2024-02-14;5428055.8
ACC0002;2024-02-15;5428055.8
ACC0002;2024-02-16;5428055.8
ACC0002;2024-02-17;5428055.8
ACC0002;2024-02-18;5428055.8
ACC0002;2024-02-19;5428055.8
ACC0002;2024-02-20;5428055.8
ACC0002;2024-02-21;5428055.8
ACC0002;2024-02-22;5428055.8
ACC0002;2024-02-23;5428055.8
ACC0002;2024-02-24;5428055.8
ACC0002;2024-02-25;5428055.8
ACC0002;2024-02-26;5428055.8
ACC0002;2024-02-27;5428055.8
ACC0002;2024-02-28;5428055.8
ACC0002;2024-02-29;5428055.8
ACC0002;2024-03-01;5428055.8
ACC0002;2024-03-02;5428055.8
ACC0002;2024-03-03;5428055.8
ACC0002;2024-03-04;5428055.8
ACC0002;2024-03-05;5428055.8
ACC0002;2024-03-06;5428055.8
ACC0002;2024-03-07;5428055.8
ACC0002;2024-03-08;5428055.8
ACC0002;2024-03-09;5428055.8
ACC0002;2024-03-10;5428055.8
ACC0002;2024-03-11;5428055.8
ACC0002;2024-03-12;5428055.8
ACC0002;2024-03-13;5428055.8
ACC0002;2024-03-14;5428055.8
ACC0002;2024-03-15;5428055.8
ACC0002;2024-03-16;5428055.8
ACC0002;2024-03-17;5428055.8
ACC0002;2024-03-18;5428055.8
ACC0002;2024-03-19;5428055.8
ACC0002;2024-03-20;5428055.8
ACC0002;2024-03-21;5428055.8
ACC0002;2024-03-22;5428055.8
ACC0002;2024-03-23;5428055.8
ACC0002;2024-03-24;5428055.8
ACC0002;2024-03-25;5428055.8
ACC0002;2024-03-26;5428055.8
ACC0002;2024-03-27;5428055.8
ACC0002;2024-03-28;5428055.8
ACC0002;2024-03-29;5428055.8
ACC0002;2024-03-30;5428055.8
ACC0002;2024-04-01;5428055.8
ACC0002;2024-04-02;5088055.8
ACC0002;2024-04-03;4748055.8
ACC0002;2024-04-04;4408055.8
ACC0002;2024-04-05;4068055.8
ACC0002;2024-04-06;3728055.8
ACC0002;2024-04-07;3388055.8
ACC0002;2024-04-08;3388565.8
ACC0002;2024-04-09;3389075.8
ACC0002;2024-04-10;3389585.8
ACC0002;2024-04-11;3390095.8
ACC0002;2024-04-12;3390605.8
ACC0002;2024-04-13;3391115.8
ACC0002;2024-04-14;3391625.8
ACC0002;2024-04-15;3392135.8
ACC0002;2024-04-16;3392645.8
ACC0002;2024-04-17;3393155.8
ACC0002;2024-04-18;3393665.8
ACC0002;2024-04-19;3394175.8
ACC0002;2024-04-20;3394685.8
ACC0002;2024-04-21;3395195.8
ACC0002;2024-04-22;3395705.8
ACC0002;2024-04-23;3396215.8
ACC0002;2024-04-24;3396725.8
ACC0002;2024-04-25;3397235.8
ACC0002;2024-04-26;3397745.8
ACC0002;2024-04-27;3398255.8
ACC0002;2024-04-28;3398765.8
ACC0002;2024-04-29;3399275.8
ACC0002;2024-04-30;3399785.8
ACC0002;2024-05-01;3400295.8
ACC0002;2024-05-02;3400805.8
ACC0002;2024-05-03;3401315.8
ACC0002;2024-05-04;3401825.8
ACC0002;2024-05-05;3402335.8
ACC0002;2024-05-06;3402845.8
ACC0002;2024-05-07;3403355.8
ACC0002;2024-05-08;3403865.8
ACC0002;2024-05-09;3404375.8
ACC0002;2024-05-10;3404885.8
ACC0002;2024-05-11;3405395.8
ACC0002;2024-05-12;3405905.8
ACC0002;2024-05-13;3406415.8
ACC0002;2024-05-14;3406925.8
ACC0002;2024-05-15;3407435.8
ACC0002;2024-05-16;3407945.8
ACC0002;2024-05-17;3408455.8
ACC0002;2024-05-18;3408965.8
ACC0002;2024-05-19;3409475.8
ACC0002;2024-05-20;3409985.8
ACC0002;2024-05-21;3410495.8
ACC0002;2024-05-22;3411005.8
ACC0002;2024-05-23;3411515.8
ACC0002;2024-05-24;3412025.8
ACC0002;2024-05-25;3412535.8
ACC0002;2024-05-26;3413045.8
ACC0002;2024-05-27;3413555.8
ACC0002;2024-05-28;3414065.8
ACC0002;2024-05-29;3414575.8
ACC0002;2024-05-30;3415085.8
ACC0002;2024-05-31;3415595.8
ACC0002;2024-06-01;3416105.8
ACC0002;2024-06-02;3416615.8
ACC0002;2024-06-03;3417125.8
ACC0002;2024-06-04;3417635.8
ACC0002;2024-06-05;3418145.8
ACC0002;2024-06-06;3418655.8
ACC0002;2024-06-07;3419165.8
ACC0002;2024-06-08;3419675.8
ACC0002;2024-06-09;3420185.8
ACC0002;2024-06-10;3420695.8
ACC0002;2024-06-11;3421205.8
ACC0002;2024-06-12;3421715.8
ACC0002;2024-06-13;3422225.8
ACC0002;2024-06-14;3422735.8
ACC0002;2024-06-15;3423245.8
ACC0002;2024-06-16;3423755.8
ACC0002;2024-06-17;3424265.8
ACC0002;2024-06-18;3424775.8
ACC0002;2024-06-19;3425285.8
ACC0002;2024-06-20;3425795.8
ACC0002;2024-06-21;3426305.8
ACC0002;2024-06-22;3426815.8
ACC0002;2024-06-23;3427325.8
ACC0002;2024-06-24;3427835.8
ACC0002;2024-06-25;3428345.8
ACC0002;2024-06-26;3428855.8
ACC0002;2024-06-27;3429365.8
ACC0002;2024-06-28;3429875.8
ACC0002;2024-06-29;3430385.8
ACC0002;2024-06-30;3430895.8
ACC0002;2024-07-01;3431405.8
ACC0002;2024-07-02;3431915.8
ACC0002;2024-07-03;3432425.8
ACC0002;2024-07-04;3432935.8
ACC0002;2024-07-05;3433445.8
ACC0002;2024-07-06;3433955.8
ACC0002;2024-07-07;3434465.8
ACC0002;2024-07-08;3434975.8
ACC0002;2024-07-09;3435485.8
ACC0002;2024-07-10;3435995.8
ACC0002;2024-07-11;3436505.8
ACC0002;2024-07-12;3437015.8
ACC0002;2024-07-13;3437525.8
ACC0002;2024-07-14;3438035.8
ACC0002;2024-07-15;3438545.8
ACC0002;2024-07-16;3439055.8
ACC0002;2024-07-17;3439565.8
ACC0002;2024-07-18;3440075.8
ACC0002;2024-07-19;3440585.8
ACC0002;2024-07-20;3441095.8
ACC0002;2024-07-21;3441605.8
ACC0002;2024-07-22;3442115.8
ACC0002;2024-07-23;3442625.8
ACC0002;2024-07-24;3782625.8
ACC0002;2024-07-25;4122625.8
ACC0002;2024-07-26;4462625.8
ACC0002;2024-07-27;4802625.8
ACC0002;2024-07-28;5142625.8
ACC0002;2024-07-29;5482625.8
ACC0002;2024-07-30;5822625.8
ACC0002;2024-07-31;6162625.8
ACC0002;2024-08-01;6502625.8
ACC0002;2024-08-02;6842625.8
ACC0002;2024-08-03;7182625.8
ACC0002;2024-08-04;7522625.8
ACC0002;2024-08-05;7862625.8
ACC0002;2024-08-06;8202625.8
ACC0002;2024-08-07;8542625.8
ACC0002;2024-08-08;8542795.8
ACC0002;2024-08-09;8542965.8
ACC0002;2024-08-10;8543135.8
ACC0002;2024-08-11;8543305.8
ACC0002;2024-08-12;8543475.8
ACC0002;2024-08-13;8543645.8
ACC0002;2024-08-14;8543815.8
ACC0002;2024-08-15;8543985.8
ACC0002;2024-08-16;8544155.8
ACC0002;2024-08-17;8544325.8
ACC0002;2024-08-18;8544495.8
ACC0002;2024-08-19;8544665.8
ACC0002;2024-08-20;8544835.8
ACC0002;2024-08-21;8545005.8
ACC0002;2024-08-22;8545175.8
ACC0002;2024-08-23;8545345.8
ACC0002;2024-08-24;8545515.8
ACC0002;2024-08-25;8545685.8
ACC0002;2024-08-26;8545855.8
ACC0002;2024-08-27;8546025.8
ACC0002;2024-08-28;8546195.8
ACC0002;2024-08-29;8546365.8
ACC0002;2024-08-30;8546535.8
ACC0002;2024-08-31;8546705.8
ACC0002;2024-09-01;8546875.8
ACC0002;2024-09-02;8547045.8
ACC0002;2024-09-03;8547215.8
ACC0002;2024-09-04;8547385.8
ACC0002;2024-09-05;8547555.8
ACC0002;2024-09-06;8547725.8
ACC0002;2024-09-07;8547895.8
ACC0002;2024-09-08;8548065.8
ACC0002;2024-09-09;8548235.8
ACC0002;2024-09-10;8548405.8
ACC0002;2024-09-11;8548575.8
ACC0002;2024-09-12;8548745.8
ACC0002;2024-09-13;8548915.8
ACC0002;2024-09-14;8549085.8
ACC0002;2024-09-15;8549255.8
ACC0002;2024-09-16;8549425.8
ACC0002;2024-09-17;8549595.8
ACC0002;2024-09-18;8549765.8
ACC0002;2024-09-19;8549935.8
ACC0002;2024-09-20;8550105.8
ACC0002;2024-09-21;8550275.8
ACC0002;2024-09-22;8550445.8
ACC0002;2024-09-23;8550615.8
ACC0002;2024-09-24;8550785.8
ACC0002;2024-09-25;8550955.8
ACC0002;2024-09-26;8551125.8
ACC0002;2024-09-27;8551295.8
ACC0002;2024-09-28;8551465.8
ACC0002;2024-09-29;8551635.8
ACC0002;2024-09-30;8551805.8
ACC0002;2024-10-01;8551975.8
ACC0002;2024-10-02;8552145.8
ACC0002;2024-10-03;8552315.8
ACC0002;2024-10-04;8552485.8
ACC0002;2024-10-05;8552655.8
ACC0002;2024-10-06;8552825.8
ACC0002;2024-10-07;8552995.8
ACC0002;2024-10-08;6852995.8
ACC0002;2024-10-09;6853410.6
ACC0002;2024-10-10;6853825.4
ACC0002;2024-10-11;6854240.2
ACC0002;2024-10-12;6854655.0
ACC0002;2024-10-13;6855069.8
ACC0002;2024-10-14;6855484.6
ACC0002;2024-10-15;6855899.4
ACC0002;2024-10-16;6856314.2
ACC0002;2024-10-17;6856729.0
ACC0002;2024-10-18;6857143.8
ACC0002;2024-10-19;6857558.6
ACC0002;2024-10-20;6857973.4
ACC0002;2024-10-21;6858388.2
ACC0002;2024-10-22;6858803.0
ACC0002;2024-10-23;6859217.8
ACC0002;2024-10-24;6859632.6
ACC0002;2024-10-25;6860047.4
ACC0002;2024-10-26;6860462.2
ACC0002;2024-10-27;6860877.0
ACC0002;2024-10-28;6861291.8
ACC0002;2024-10-29;6861706.6
ACC0002;2024-10-30;6862121.4
ACC0002;2024-10-31;6862536.2
ACC0002;2024-11-01;6862951.0
ACC0002;2024-11-02;6863365.8
ACC0002;2024-11-03;6863780.6
ACC0002;2024-11-04;6864195.4
ACC0002;2024-11-05;6864610.2
ACC0002;2024-11-06;6865025.0
ACC0002;2024-11-07;6865439.8
ACC0002;2024-11-08;6865854.6
ACC0002;2024-11-09;6866269.4
ACC0002;2024-11-10;6866684.2
ACC0002;2024-11-11;6867099.0
ACC0002;2024-11-12;6867513.8
ACC0002;2024-11-13;6867928.6
ACC0002;2024-11-14;6868343.4
ACC0002;2024-11-15;6868758.2
ACC0002;2024-11-16;6869173.0
ACC0002;2024-11-17;6869587.8
ACC0002;2024-11-18;6870002.6
ACC0002;2024-11-19;6870417.4
ACC0002;2024-11-20;6870832.2
ACC0002;2024-11-21;6871247.0
ACC0002;2024-11-22;6871661.8
ACC0002;2024-11-23;6872076.6
ACC0002;2024-11-24;6872491.4
ACC0002;2024-11-25;6872906.2
ACC0002;2024-11-26;6873321.0
ACC0002;2024-11-27;6873735.8
ACC0002;2024-11-28;6874150.6
ACC0002;2024-11-29;6874565.4
ACC0002;2024-11-30;6874980.2
ACC0002;2024-12-01;6875395.0
ACC0002;2024-12-02;6875809.8
ACC0002;2024-12-03;6876224.6
ACC0002;2024-12-04;6876639.4
ACC0002;2024-12-05;6877054.2
ACC0002;2024-12-06;6877469.0
ACC0002;2024-12-07;6877883.8
ACC0002;2024-12-08;6878298.6
ACC0002;2024-12-09;6878713.4
ACC0002;2024-12-10;6879128.2
ACC0002;2024-12-11;6879543.0
ACC0002;2024-12-12;6879957.8
ACC0002;2024-12-13;6880372.6
ACC0002;2024-12-14;6880787.4
ACC0002;2024-12-15;6881202.2
ACC0002;2024-12-16;6881617.0
ACC0002;2024-12-17;6882031.8
ACC0002;2024-12-18;6882446.6
ACC0002;2024-12-19;6882861.4
ACC0002;2024-12-20;6883276.2
ACC0002;2024-12-21;6883691.0
ACC0002;2024-12-22;6884105.8
ACC0002;2024-12-23;6884520.6
ACC0002;2024-12-24;6884935.4
ACC0002;2024-12-25;6885350.2
ACC0002;2024-12-26;6885765.0
ACC0002;2024-12-27;6886179.8
ACC0002;2024-12-28;6886594.6
ACC0002;2024-12-29;6887009.4
ACC0002;2024-12-30;6887424.2
ACC0002;2024-12-31;6887839.0
ACC0002;2025-01-01;6888253.8
ACC0002;2025-01-02;6888668.6
ACC0002;2025-01-03;6889083.4
ACC0002;2025-01-04;6889498.2
ACC0002;2025-01-05;6889913.0
ACC0002;2025-01-06;6890327.8
ACC0002;2025-01-07;6890742.6
ACC0002;2025-01-08;6891157.4
ACC0002;2025-01-09;6891572.2
ACC0002;2025-01-10;6891987.0
ACC0002;2025-01-11;6892401.8
ACC0002;2025-01-12;6892816.6
ACC0002;2025-01-13;6893231.4
ACC0002;2025-01-14;6893646.2
ACC0002;2025-01-15;6894061.0
ACC0002;2025-01-16;6894475.8
ACC0002;2025-01-17;6894890.6
ACC0002;2025-01-18;6895305.4
ACC0002;2025-01-19;6895720.2
ACC0002;2025-01-20;6896135.0
ACC0002;2025-01-21;6896549.8
ACC0002;2025-01-22;6896964.6
ACC0002;2025-01-23;6897379.4
ACC0002;2025-01-24;6897794.2
ACC0002;2025-01-25;6898209.0
ACC0002;2025-01-26;6898623.8
ACC0002;2025-01-27;6899038.6
ACC0002;2025-01-28;6899453.4
ACC0002;2025-01-29;6899868.2
ACC0002;2025-01-30;6900283.0
ACC0002;2025-01-31;6900697.8
ACC0002;2025-02-01;6901112.6
ACC0002;2025-02-02;6901527.4
ACC0002;2025-02-03;6901942.2
ACC0002;2025-02-04;6902357.0
ACC0002;2025-02-05;6902771.8
ACC0002;2025-02-06;6903186.6
ACC0002;2025-02-07;6903601.4
ACC0002;2025-02-08;6904016.2
ACC0002;2025-02-09;6904431.0
ACC0002;2025-02-10;6904845.8
ACC0002;2025-02-11;6905260.6
ACC0002;2025-02-12;6905675.4
ACC0002;2025-02-13;6906090.2
ACC0002;2025-02-14;6906505.0
ACC0002;2025-02-15;6906919.8
ACC0002;2025-02-16;6907334.6
ACC0002;2025-02-17;6907749.4
ACC0002;2025-02-18;6908164.2
ACC0002;2025-02-19;6908579.0
ACC0002;2025-02-20;6908993.8
ACC0002;2025-02-21;6909408.6
ACC0002;2025-02-22;6909823.4
ACC0002;2025-02-23;6910238.2
ACC0002;2025-02-24;6910653.0
ACC0002;2025-02-25;6911067.8
ACC0002;2025-02-26;6911482.6
ACC0002;2025-02-27;6911897.4
ACC0002;2025-02-28;6912312.2
ACC0002;2025-03-01;6912727.0
ACC0002;2025-03-02;6913141.8
ACC0002;2025-03-03;6913556.6
ACC0002;2025-03-04;6913971.4
ACC0002;2025-03-05;6914386.2
ACC0002;2025-03-06;6914801.0
ACC0002;2025-03-07;6915215.8
ACC0002;2025-03-08;6915630.6
ACC0002;2025-03-09;6916045.4
ACC0002;2025-03-10;6916460.2
ACC0002;2025-03-11;6916875.0
ACC0002;2025-03-12;6917289.8
ACC0002;2025-03-13;6917704.6
ACC0002;2025-03-14;6918119.4
ACC0002;2025-03-15;6918534.2
ACC0002;2025-03-16;6918949.0
ACC0002;2025-03-17;6919363.8
ACC0002;2025-03-18;6919778.6
ACC0002;2025-03-19;6920193.4
ACC0002;2025-03-20;6920608.2
ACC0002;2025-03-21;6921023.0
ACC0002;2025-03-22;6921437.8
ACC0002;2025-03-23;6921852.6
ACC0002;2025-03-24;6922267.4
ACC0002;2025-03-25;6922682.2
ACC0002;2025-03-26;6923097.0
ACC0002;2025-03-27;6923511.8
ACC0002;2025-03-28;6923926.6
ACC0002;2025-03-29;6924341.4
ACC0002;2025-03-30;6924756.2
ACC0002;2025-03-31;6925171.0
ACC0002;2025-04-01;6925585.8
ACC0002;2025-04-02;6926000.6
ACC0002;2025-04-03;6926415.4
ACC0002;2025-04-04;6926830.2
ACC0002;2025-04-05;6927245.0
ACC0002;2025-04-06;6927659.8
ACC0002;2025-04-07;6928074.6
ACC0002;2025-04-08;6928489.4
ACC0002;2025-04-09;6928904.2
ACC0002;2025-04-10;6929319.0
ACC0002;2025-04-11;6929733.8
ACC0002;2025-04-12;6930148.6
ACC0002;2025-04-13;6930563.4
ACC0002;2025-04-14;6930978.2
ACC0002;2025-04-15;6931393.0
ACC0002;2025-04-16;6931807.8
ACC0002;2025-04-17;6932222.6
ACC0002;2025-04-18;6932637.4
ACC0002;2025-04-19;6933052.2
ACC0002;2025-04-20;6933467.0
ACC0002;2025-04-21;6933881.8
ACC0002;2025-04-22;6934296.6
ACC0002;2025-04-23;6934711.4
ACC0002;2025-04-24;6935126.2
ACC0002;2025-04-25;6935541.0
ACC0002;2025-04-26;6935955.8
ACC0002;2025-04-27;6936370.6
ACC0002;2025-04-28;6936785.4
ACC0002;2025-04-29;6937200.2
ACC0002;2025-04-30;6937615.0
ACC0002;2025-05-01;6938029.8
ACC0002;2025-05-02;6938444.6
ACC0002;2025-05-03;6938859.4
ACC0002;2025-05-04;6939274.2
ACC0002;2025-05-05;6939689.0
ACC0002;2025-05-06;6940103.8
ACC0002;2025-05-07;6940518.6
ACC0002;2025-05-08;6940933.4
ACC0002;2025-05-09;6941348.2
ACC0002;2025-05-10;6941763.0
ACC0002;2025-05-11;6942177.8
ACC0002;2025-05-12;6942592.6
ACC0002;2025-05-13;6943007.4
ACC0002;2025-05-14;6943422.2
ACC0002;2025-05-15;6943837.0
ACC0003;2024-01-01;18688828.11
ACC0003;2024-01-02;18690528.11
ACC0003;2024-01-03;18692228.11
ACC0003;2024-01-04;18693928.11
ACC0003;2024-01-05;18695628.11
ACC0003;2024-01-06;18697328.11
ACC0003;2024-01-07;18699028.11
ACC0003;2024-01-08;18700728.11
ACC0003;2024-01-09;18702428.11
ACC0003;2024-01-10;18704128.11
ACC0003;2024-01-11;18705828.11
ACC0003;2024-01-12;18707528.11
ACC0003;2024-01-13;18709228.11
ACC0003;2024-01-14;18710928.11
ACC0003;2024-01-15;18712628.11
ACC0003;2024-01-16;18714328.11
ACC0003;2024-01-17;18716028.11
ACC0003;2024-01-18;18717728.11
ACC0003;2024-01-19;18719428.11
ACC0003;2024-01-20;18721128.11
ACC0003;2024-01-21;18722828.11
ACC0003;2024-01-22;18724528.11
ACC0003;2024-01-23;18726228.11
ACC0003;2024-01-24;18727928.11
ACC0003;2024-01-25;18729628.11
ACC0003;2024-01-26;18731328.11
ACC0003;2024-01-27;18733028.11
ACC0003;2024-01-28;18734728.11
ACC0003;2024-01-29;18736428.11
ACC0003;2024-01-30;18738128.11
ACC0003;2024-01-31;18739828.11
ACC0003;2024-02-01;18741528.11
ACC0003;2024-02-02;27139279.0
ACC0003;2024-02-03;27138779.0
ACC0003;2024-02-04;27138279.0
ACC0003;2024-02-05;27137779.0
ACC0003;2024-02-06;27137279.0
ACC0003;2024-02-07;27136779.0
ACC0003;2024-02-08;27136279.0
ACC0003;2024-02-09;27135779.0
ACC0003;2024-02-10;27135279.0
ACC0003;2024-02-11;27134779.0
ACC0003;2024-02-12;27134279.0
ACC0003;2024-02-13;27133779.0
ACC0003;2024-02-14;27133279.0
ACC0003;2024-02-15;27132779.0
ACC0003;2024-02-16;27132279.0
ACC0003;2024-02-17;27131779.0
ACC0003;2024-02-18;27131279.0
ACC0003;2024-02-19;27130779.0
ACC0003;2024-02-20;27130279.0
ACC0003;2024-02-21;27129779.0
ACC0003;2024-02-22;27129279.0
ACC0003;2024-02-23;27128779.0
ACC0003;2024-02-24;27128279.0
ACC0003;2024-02-25;27127779.0
ACC0003;2024-02-26;27127279.0
ACC0003;2024-02-27;27126779.0
ACC0003;2024-02-28;27126279.0
ACC0003;2024-02-29;27125779.0
ACC0003;2024-03-01;27125279.0
ACC0003;2024-03-02;27124779.0
ACC0003;2024-03-03;27124279.0
ACC0003;2024-03-04;27123779.0
ACC0003;2024-03-05;27123279.0
ACC0003;2024-03-06;27122779.0
ACC0003;2024-03-07;27122279.0
ACC0003;2024-03-08;27121779.0
ACC0003;2024-03-09;27121279.0
ACC0003;2024-03-10;27120779.0
ACC0003;2024-03-11;27120279.0
ACC0003;2024-03-12;27119779.0
ACC0003;2024-03-13;27119279.0
ACC0003;2024-03-14;27118779.0
ACC0003;2024-03-15;27118279.0
ACC0003;2024-03-16;27117779.0
ACC0003;2024-03-17;27117279.0
ACC0003;2024-03-18;27116779.0
ACC0003;2024-03-19;27116279.0
ACC0003;2024-03-20;27139779.0
ACC0003;2024-03-21;27140279.0
ACC0003;2024-03-22;27140279.0
ACC0003;2024-03-23;27140279.0
ACC0003;2024-03-24;27140279.0
ACC0003;2024-03-25;27140279.0
ACC0003;2024-03-26;27140279.0
ACC0003;2024-03-27;27140279.0
ACC0003;2024-03-28;27140279.0
ACC0003;2024-03-29;27140279.0
ACC0003;2024-03-30;27140279.0
ACC0003;2024-04-01;27140279.0
ACC0003;2024-04-02;25440279.0
ACC0003;2024-04-03;23740279.0
ACC0003;2024-04-04;22040279.0
ACC0003;2024-04-05;20340279.0
ACC0003;2024-04-06;18640279.0
ACC0003;2024-04-07;16940279.0
ACC0003;2024-04-08;16942829.0
ACC0003;2024-04-09;16945379.0
ACC0003;2024-04-10;16947929.0
ACC0003;2024-04-11;16950479.0
ACC0003;2024-04-12;16953029.0
ACC0003;2024-04-13;16955579.0
ACC0003;2024-04-14;16958129.0
ACC0003;2024-04-15;16960679.0
ACC0003;2024-04-16;16963229.0
ACC0003;2024-04-17;16965779.0
ACC0003;2024-04-18;16968329.0
ACC0003;2024-04-19;16970879.0
ACC0003;2024-04-20;16973429.0
ACC0003;2024-04-21;16975979.0
ACC0003;2024-04-22;16978529.0
ACC0003;2024-04-23;16981079.0
ACC0003;2024-04-24;16983629.0
ACC0003;2024-04-25;16986179.0
ACC0003;2024-04-26;16988729.0
ACC0003;2024-04-27;16991279.0
ACC0003;2024-04-28;16993829.0
ACC0003;2024-04-29;16996379.0
ACC0003;2024-04-30;16998929.0
ACC0003;2024-05-01;17001479.0
ACC0003;2024-05-02;17004029.0
ACC0003;2024-05-03;17006579.0
ACC0003;2024-05-04;17009129.0
ACC0003;2024-05-05;17011679.0
ACC0003;2024-05-06;17014229.0
ACC0003;2024-05-07;17016779.0
ACC0003;2024-05-08;17019329.0
ACC0003;2024-05-09;17021879.0
ACC0003;2024-05-10;17024429.0
ACC0003;2024-05-11;17026979.0
ACC0003;2024-05-12;17029529.0
ACC0003;2024-05-13;17032079.0
ACC0003;2024-05-14;17034629.0
ACC0003;2024-05-15;17037179.0
ACC0003;2024-05-16;17039729.0
ACC0003;2024-05-17;17042279.0
ACC0003;2024-05-18;17044829.0
ACC0003;2024-05-19;17047379.0
ACC0003;2024-05-20;17049929.0
ACC0003;2024-05-21;17052479.0
ACC0003;2024-05-22;17055029.0
ACC0003;2024-05-23;17057579.0
ACC0003;2024-05-24;17060129.0
ACC0003;2024-05-25;17062679.0
ACC0003;2024-05-26;17065229.0
ACC0003;2024-05-27;17067779.0
ACC0003;2024-05-28;17070329.0
ACC0003;2024-05-29;17072879.0
ACC0003;2024-05-30;17075429.0
ACC0003;2024-05-31;17077979.0
ACC0003;2024-06-01;17080529.0
ACC0003;2024-06-02;17083079.0
ACC0003;2024-06-03;17085629.0
ACC0003;2024-06-04;17088179.0
ACC0003;2024-06-05;17090729.0
ACC0003;2024-06-06;17093279.0
ACC0003;2024-06-07;17095829.0
ACC0003;2024-06-08;17098379.0
ACC0003;2024-06-09;17100929.0
ACC0003;2024-06-10;17103479.0
ACC0003;2024-06-11;17106029.0
ACC0003;2024-06-12;17108579.0
ACC0003;2024-06-13;17111129.0
ACC0003;2024-06-14;17113679.0
ACC0003;2024-06-15;17116229.0
ACC0003;2024-06-16;17118779.0
ACC0003;2024-06-17;17121329.0
ACC0003;2024-06-18;17123879.0
ACC0003;2024-06-19;17126429.0
ACC0003;2024-06-20;17128979.0
ACC0003;2024-06-21;17131529.0
ACC0003;2024-06-22;17134079.0
ACC0003;2024-06-23;17136629.0
ACC0003;2024-06-24;17139179.0
ACC0003;2024-06-25;17141729.0
ACC0003;2024-06-26;17144279.0
ACC0003;2024-06-27;17146829.0
ACC0003;2024-06-28;17149379.0
ACC0003;2024-06-29;17151929.0
ACC0003;2024-06-30;17154479.0
ACC0003;2024-07-01;17157029.0
ACC0003;2024-07-02;17159579.0
ACC0003;2024-07-03;17162129.0
ACC0003;2024-07-04;17164679.0
ACC0003;2024-07-05;17167229.0
ACC0003;2024-07-06;17169779.0
ACC0003;2024-07-07;17172329.0
ACC0003;2024-07-08;17174879.0
ACC0003;2024-07-09;17177429.0
ACC0003;2024-07-10;17179979.0
ACC0003;2024-07-11;17182529.0
ACC0003;2024-07-12;17185079.0
ACC0003;2024-07-13;17187629.0
ACC0003;2024-07-14;17190179.0
ACC0003;2024-07-15;17192729.0
ACC0003;2024-07-16;17195279.0
ACC0003;2024-07-17;17197829.0
ACC0003;2024-07-18;17200379.0
ACC0003;2024-07-19;17202929.0
ACC0003;2024-07-20;17205479.0
ACC0003;2024-07-21;17208029.0
ACC0003;2024-07-22;17210579.0
ACC0003;2024-07-23;17213129.0
ACC0003;2024-07-24;18913129.0
ACC0003;2024-07-25;20613129.0
ACC0003;2024-07-26;22313129.0
ACC0003;2024-07-27;24013129.0
ACC0003;2024-07-28;25713129.0
ACC0003;2024-07-29;27413129.0
ACC0003;2024-07-30;29113129.0
ACC0003;2024-07-31;30813129.0
ACC0003;2024-08-01;32513129.0
ACC0003;2024-08-02;34213129.0
ACC0003;2024-08-03;35913129.0
ACC0003;2024-08-04;37613129.0
ACC0003;2024-08-05;39313129.0
ACC0003;2024-08-06;41013129.0
ACC0003;2024-08-07;42713129.0
ACC0003;2024-08-08;42713979.0
ACC0003;2024-08-09;42714829.0
ACC0003;2024-08-10;42715679.0
ACC0003;2024-08-11;42716529.0
ACC0003;2024-08-12;42717379.0
ACC0003;2024-08-13;42718229.0
ACC0003;2024-08-14;42719079.0
ACC0003;2024-08-15;42719929.0
ACC0003;2024-08-16;42720779.0
ACC0003;2024-08-17;42721629.0
ACC0003;2024-08-18;42722479.0
ACC0003;2024-08-19;42723329.0
ACC0003;2024-08-20;42724179.0
ACC0003;2024-08-21;42725029.0
ACC0003;2024-08-22;42725879.0
ACC0003;2024-08-23;42726729.0
ACC0003;2024-08-24;42727579.0
ACC0003;2024-08-25;42728429.0
ACC0003;2024-08-26;42729279.0
ACC0003;2024-08-27;42730129.0
ACC0003;2024-08-28;42730979.0
ACC0003;2024-08-29;42731829.0
ACC0003;2024-08-30;42732679.0
ACC0003;2024-08-31;42733529.0
ACC0003;2024-09-01;42734379.0
ACC0003;2024-09-02;42735229.0
ACC0003;2024-09-03;42736079.0
ACC0003;2024-09-04;42736929.0
ACC0003;2024-09-05;42737779.0
ACC0003;2024-09-06;42738629.0
ACC0003;2024-09-07;42739479.0
ACC0003;2024-09-08;42740329.0
ACC0003;2024-09-09;42741179.0
ACC0003;2024-09-10;42742029.0
ACC0003;2024-09-11;42742879.0
ACC0003;2024-09-12;42743729.0
ACC0003;2024-09-13;42744579.0
ACC0003;2024-09-14;42745429.0
ACC0003;2024-09-15;42746279.0
ACC0003;2024-09-16;42747129.0
ACC0003;2024-09-17;42747979.0
ACC0003;2024-09-18;42748829.0
ACC0003;2024-09-19;42749679.0
ACC0003;2024-09-20;42750529.0
ACC0003;2024-09-21;42751379.0
ACC0003;2024-09-22;42752229.0
ACC0003;2024-09-23;42753079.0
ACC0003;2024-09-24;42753929.0
ACC0003;2024-09-25;42754779.0
ACC0003;2024-09-26;42755629.0
ACC0003;2024-09-27;42756479.0
ACC0003;2024-09-28;42757329.0
ACC0003;2024-09-29;42758179.0
ACC0003;2024-09-30;42759029.0
ACC0003;2024-10-01;42759879.0
ACC0003;2024-10-02;42760729.0
ACC0003;2024-10-03;42761579.0
ACC0003;2024-10-04;42762429.0
ACC0003;2024-10-05;42763279.0
ACC0003;2024-10-06;42764129.0
ACC0003;2024-10-07;42764979.0
ACC0003;2024-10-08;34264979.0
ACC0003;2024-10-09;34267053.0
ACC0003;2024-10-10;34269127.0
ACC0003;2024-10-11;34271201.0
ACC0003;2024-10-12;34273275.0
ACC0003;2024-10-13;34275349.0
ACC0003;2024-10-14;34277423.0
ACC0003;2024-10-15;34279497.0
ACC0003;2024-10-16;34281571.0
ACC0003;2024-10-17;34283645.0
ACC0003;2024-10-18;34285719.0
ACC0003;2024-10-19;34287793.0
ACC0003;2024-10-20;34289867.0
ACC0003;2024-10-21;34291941.0
ACC0003;2024-10-22;34294015.0
ACC0003;2024-10-23;34296089.0
ACC0003;2024-10-24;34298163.0
ACC0003;2024-10-25;34300237.0
ACC0003;2024-10-26;34302311.0
ACC0003;2024-10-27;34304385.0
ACC0003;2024-10-28;34306459.0
ACC0003;2024-10-29;34308533.0
ACC0003;2024-10-30;34310607.0
ACC0003;2024-10-31;34312681.0
ACC0003;2024-11-01;34314755.0
ACC0003;2024-11-02;34316829.0
ACC0003;2024-11-03;34318903.0
ACC0003;2024-11-04;34320977.0
ACC0003;2024-11-05;34323051.0
ACC0003;2024-11-06;34325125.0
ACC0003;2024-11-07;34327199.0
ACC0003;2024-11-08;34329273.0
ACC0003;2024-11-09;34331347.0
ACC0003;2024-11-10;34333421.0
ACC0003;2024-11-11;34335495.0
ACC0003;2024-11-12;34337569.0
ACC0003;2024-11-13;34339643.0
ACC0003;2024-11-14;34341717.0
ACC0003;2024-11-15;34343791.0
ACC0003;2024-11-16;34345865.0
ACC0003;2024-11-17;34347939.0
ACC0003;2024-11-18;34350013.0
ACC0003;2024-11-19;34352087.0
ACC0003;2024-11-20;34354161.0
ACC0003;2024-11-21;34356235.0
ACC0003;2024-11-22;34358309.0
ACC0003;2024-11-23;34360383.0
ACC0003;2024-11-24;34362457.0
ACC0003;2024-11-25;34364531.0
ACC0003;2024-11-26;34366605.0
ACC0003;2024-11-27;34368679.0
ACC0003;2024-11-28;34370753.0
ACC0003;2024-11-29;34372827.0
ACC0003;2024-11-30;34374901.0
ACC0003;2024-12-01;34376975.0
ACC0003;2024-12-02;34379049.0
ACC0003;2024-12-03;34381123.0
ACC0003;2024-12-04;34383197.0
ACC0003;2024-12-05;34385271.0
ACC0003;2024-12-06;34387345.0
ACC0003;2024-12-07;34389419.0
ACC0003;2024-12-08;34391493.0
ACC0003;2024-12-09;34393567.0
ACC0003;2024-12-10;34395641.0
ACC0003;2024-12-11;34397715.0
ACC0003;2024-12-12;34399789.0
ACC0003;2024-12-13;34401863.0
ACC0003;2024-12-14;34403937.0
ACC0003;2024-12-15;34406011.0
ACC0003;2024-12-16;34408085.0
ACC0003;2024-12-17;34410159.0
ACC0003;2024-12-18;34412233.0
ACC0003;2024-12-19;34414307.0
ACC0003;2024-12-20;34416381.0
ACC0003;2024-12-21;34418455.0
ACC0003;2024-12-22;34420529.0
ACC0003;2024-12-23;34422603.0
ACC0003;2024-12-24;34424677.0
ACC0003;2024-12-25;34426751.0
ACC0003;2024-12-26;34428825.0
ACC0003;2024-12-27;34430899.0
ACC0003;2024-12-28;34432973.0
ACC0003;2024-12-29;34435047.0
ACC0003;2024-12-30;34437121.0
ACC0003;2024-12-31;34439195.0
ACC0003;2025-01-01;34441269.0
ACC0003;2025-01-02;34443343.0
ACC0003;2025-01-03;34445417.0
ACC0003;2025-01-04;34447491.0
ACC0003;2025-01-05;34449565.0
ACC0003;2025-01-06;34451639.0
ACC0003;2025-01-07;34453713.0
ACC0003;2025-01-08;34455787.0
ACC0003;2025-01-09;34457861.0
ACC0003;2025-01-10;34459935.0
ACC0003;2025-01-11;34462009.0
ACC0003;2025-01-12;34464083.0
ACC0003;2025-01-13;34466157.0
ACC0003;2025-01-14;34468231.0
ACC0003;2025-01-15;34470305.0
ACC0003;2025-01-16;34472379.0
ACC0003;2025-01-17;34474453.0
ACC0003;2025-01-18;34476527.0
ACC0003;2025-01-19;34478601.0
ACC0003;2025-01-20;34480675.0
ACC0003;2025-01-21;34482749.0
ACC0003;2025-01-22;34484823.0
ACC0003;2025-01-23;34486897.0
ACC0003;2025-01-24;34488971.0
ACC0003;2025-01-25;34491045.0
ACC0003;2025-01-26;34493119.0
ACC0003;2025-01-27;34495193.0
ACC0003;2025-01-28;34497267.0
ACC0003;2025-01-29;34499341.0
ACC0003;2025-01-30;34501415.0
ACC0003;2025-01-31;34503489.0
ACC0003;2025-02-01;34505563.0
ACC0003;2025-02-02;34507637.0
ACC0003;2025-02-03;34509711.0
ACC0003;2025-02-04;34511785.0
ACC0003;2025-02-05;34513859.0
ACC0003;2025-02-06;34515933.0
ACC0003;2025-02-07;34518007.0
ACC0003;2025-02-08;34520081.0
ACC0003;2025-02-09;34522155.0
ACC0003;2025-02-10;34524229.0
ACC0003;2025-02-11;34526303.0
ACC0003;2025-02-12;34528377.0
ACC0003;2025-02-13;34530451.0
ACC0003;2025-02-14;34532525.0
ACC0003;2025-02-15;34534599.0
ACC0003;2025-02-16;34536673.0
ACC0003;2025-02-17;34538747.0
ACC0003;2025-02-18;34540821.0
ACC0003;2025-02-19;34542895.0
ACC0003;2025-02-20;34544969.0
ACC0003;2025-02-21;34547043.0
ACC0003;2025-02-22;34549117.0
ACC0003;2025-02-23;34551191.0
ACC0003;2025-02-24;34553265.0
ACC0003;2025-02-25;34555339.0
ACC0003;2025-02-26;34557413.0
ACC0003;2025-02-27;34559487.0
ACC0003;2025-02-28;34561561.0
ACC0003;2025-03-01;34563635.0
ACC0003;2025-03-02;34565709.0
ACC0003;2025-03-03;34567783.0
ACC0003;2025-03-04;34569857.0
ACC0003;2025-03-05;34571931.0
ACC0003;2025-03-06;34574005.0
ACC0003;2025-03-07;34576079.0
ACC0003;2025-03-08;34578153.0
ACC0003;2025-03-09;34580227.0
ACC0003;2025-03-10;34582301.0
ACC0003;2025-03-11;34584375.0
ACC0003;2025-03-12;34586449.0
ACC0003;2025-03-13;34588523.0
ACC0003;2025-03-14;34590597.0
ACC0003;2025-03-15;34592671.0
ACC0003;2025-03-16;34594745.0
ACC0003;2025-03-17;34596819.0
ACC0003;2025-03-18;34598893.0
ACC0003;2025-03-19;34600967.0
ACC0003;2025-03-20;34603041.0
ACC0003;2025-03-21;34605115.0
ACC0003;2025-03-22;34607189.0
ACC0003;2025-03-23;34609263.0
ACC0003;2025-03-24;34611337.0
ACC0003;2025-03-25;34613411.0
ACC0003;2025-03-26;34615485.0
ACC0003;2025-03-27;34617559.0
ACC0003;2025-03-28;34619633.0
ACC0003;2025-03-29;34621707.0
ACC0003;2025-03-30;34623781.0
ACC0003;2025-03-31;34625855.0
ACC0003;2025-04-01;34627929.0
ACC0003;2025-04-02;34630003.0
ACC0003;2025-04-03;34632077.0
ACC0003;2025-04-04;34634151.0
ACC0003;2025-04-05;34636225.0
ACC0003;2025-04-06;34638299.0
ACC0003;2025-04-07;34640373.0
ACC0003;2025-04-08;34642447.0
ACC0003;2025-04-09;34644521.0
ACC0003;2025-04-10;34646595.0
ACC0003;2025-04-11;34648669.0
ACC0003;2025-04-12;34650743.0
ACC0003;2025-04-13;34652817.0
ACC0003;2025-04-14;34654891.0
ACC0003;2025-04-15;34656965.0
ACC0003;2025-04-16;34659039.0
ACC0003;2025-04-17;34661113.0
ACC0003;2025-04-18;34663187.0
ACC0003;2025-04-19;34665261.0
ACC0003;2025-04-20;34667335.0
ACC0003;2025-04-21;34669409.0
ACC0003;2025-04-22;34671483.0
ACC0003;2025-04-23;34673557.0
ACC0003;2025-04-24;34675631.0
ACC0003;2025-04-25;34677705.0
ACC0003;2025-04-26;34679779.0
ACC0003;2025-04-27;34681853.0
ACC0003;2025-04-28;34683927.0
ACC0003;2025-04-29;34686001.0
ACC0003;2025-04-30;34688075.0
ACC0003;2025-05-01;34690149.0
ACC0003;2025-05-02;34692223.0
ACC0003;2025-05-03;34694297.0
ACC0003;2025-05-04;34696371.0
ACC0003;2025-05-05;34698445.0
ACC0003;2025-05-06;34700519.0
ACC0003;2025-05-07;34702593.0
ACC0003;2025-05-08;34704667.0
ACC0003;2025-05-09;34706741.0
ACC0003;2025-05-10;34708815.0
ACC0003;2025-05-11;34710889.0
ACC0003;2025-05-12;34712963.0
ACC0003;2025-05-13;34715037.0
ACC0003;2025-05-14;34717111.0
ACC0003;2025-05-15;34719185.0
ACC0004;2024-01-01;3737765.62
ACC0004;2024-01-02;3738105.62
ACC0004;2024-01-03;3738445.62
ACC0004;2024-01-04;3738785.62
ACC0004;2024-01-05;3739125.62
ACC0004;2024-01-06;3739465.62
ACC0004;2024-01-07;3739805.62
ACC0004;2024-01-08;3740145.62
ACC0004;2024-01-09;3740485.62
ACC0004;2024-01-10;3740825.62
ACC0004;2024-01-11;3741165.62
ACC0004;2024-01-12;3741505.62
ACC0004;2024-01-13;3741845.62
ACC0004;2024-01-14;3742185.62
ACC0004;2024-01-15;3742525.62
ACC0004;2024-01-16;3742865.62
ACC0004;2024-01-17;3743205.62
ACC0004;2024-01-18;3743545.62
ACC0004;2024-01-19;3743885.62
ACC0004;2024-01-20;3744225.62
ACC0004;2024-01-21;3744565.62
ACC0004;2024-01-22;3744905.62
ACC0004;2024-01-23;3745245.62
ACC0004;2024-01-24;3745585.62
ACC0004;2024-01-25;3745925.62
ACC0004;2024-01-26;3746265.62
ACC0004;2024-01-27;3746605.62
ACC0004;2024-01-28;3746945.62
ACC0004;2024-01-29;3747285.62
ACC0004;2024-01-30;3747625.62
ACC0004;2024-01-31;3747965.62
ACC0004;2024-02-01;3748305.62
ACC0004;2024-02-02;5428055.8
ACC0004;2024-02-03;5428055.8
ACC0004;2024-02-04;5428055.8
ACC0004;2024-02-05;5428055.8
ACC0004;2024-02-06;5428055.8
ACC0004;2024-02-07;5428055.8
ACC0004;2024-02-08;5428055.8
ACC0004;2024-02-09;5428055.8
ACC0004;2024-02-10;5428055.8
ACC0004;2024-02-11;5428055.8
ACC0004;2024-02-12;5428055.8
ACC0004;2024-02-13;5428055.8
ACC0004;2024-02-14;5428055.8
ACC0004;2024-02-15;5428055.8
ACC0004;2024-02-16;5428055.8
ACC0004;2024-02-17;5428055.8
ACC0004;2024-02-18;5428055.8
ACC0004;2024-02-19;5428055.8
ACC0004;2024-02-20;5428055.8
ACC0004;2024-02-21;5428055.8
ACC0004;2024-02-22;5428055.8
ACC0004;2024-02-23;5428055.8
ACC0004;2024-02-24;5428055.8
ACC0004;2024-02-25;5428055.8
ACC0004;2024-02-26;5428055.8
ACC0004;2024-02-27;5428055.8
ACC0004;2024-02-28;5428055.8
ACC0004;2024-02-29;5428055.8
ACC0004;2024-03-01;5428055.8
ACC0004;2024-03-02;5428055.8
ACC0004;2024-03-03;5428055.8
ACC0004;2024-03-04;5428055.8
ACC0004;2024-03-05;5428055.8
ACC0004;2024-03-06;5428055.8
ACC0004;2024-03-07;5428055.8
ACC0004;2024-03-08;5428055.8
ACC0004;2024-03-09;5428055.8
ACC0004;2024-03-10;5428055.8
ACC0004;2024-03-11;5428055.8
ACC0004;2024-03-12;5428055.8
ACC0004;2024-03-13;5428055.8
ACC0004;2024-03-14;5428055.8
ACC0004;2024-03-15;5428055.8
ACC0004;2024-03-16;5428055.8
ACC0004;2024-03-17;5428055.8
ACC0004;2024-03-18;5428055.8
ACC0004;2024-03-19;5428055.8
ACC0004;2024-03-20;5428055.8
ACC0004;2024-03-21;5428055.8
ACC0004;2024-03-22;5428055.8
ACC0004;2024-03-23;5428055.8
ACC0004;2024-03-24;5428055.8
ACC0004;2024-03-25;5428055.8
ACC0004;2024-03-26;5428055.8
ACC0004;2024-03-27;5428055.8
ACC0004;2024-03-28;5428055.8
ACC0004;2024-03-29;5428055.8
ACC0004;2024-03-30;5428055.8
ACC0004;2024-04-01;5428055.8
ACC0004;2024-04-02;5088055.8
ACC0004;2024-04-03;4748055.8
ACC0004;2024-04-04;4408055.8
ACC0004;2024-04-05;4068055.8
ACC0004;2024-04-06;3728055.8
ACC0004;2024-04-07;3388055.8
ACC0004;2024-04-08;3388565.8
ACC0004;2024-04-09;3389075.8
ACC0004;2024-04-10;3389585.8
ACC0004;2024-04-11;3390095.8
ACC0004;2024-04-12;3390605.8
ACC0004;2024-04-13;3391115.8
ACC0004;2024-04-14;3391625.8
ACC0004;2024-04-15;3392135.8
ACC0004;2024-04-16;3392645.8
ACC0004;2024-04-17;3393155.8
ACC0004;2024-04-18;3393665.8
ACC0004;2024-04-19;3394175.8
ACC0004;2024-04-20;3394685.8
ACC0004;2024-04-21;3395195.8
ACC0004;2024-04-22;3395705.8
ACC0004;2024-04-23;3396215.8
ACC0004;2024-04-24;3396725.8
ACC0004;2024-04-25;3397235.8
ACC0004;2024-04-26;3397745.8
ACC0004;2024-04-27;3398255.8
ACC0004;2024-04-28;3398765.8
ACC0004;2024-04-29;3399275.8
ACC0004;2024-04-30;3399785.8
ACC0004;2024-05-01;3400295.8
ACC0004;2024-05-02;3400805.8
ACC0004;2024-05-03;3401315.8
ACC0004;2024-05-04;3401825.8
ACC0004;2024-05-05;3402335.8
ACC0004;2024-05-06;3402845.8
ACC0004;2024-05-07;3403355.8
ACC0004;2024-05-08;3403865.8
ACC0004;2024-05-09;3404375.8
ACC0004;2024-05-10;3404885.8
ACC0004;2024-05-11;3405395.8
ACC0004;2024-05-12;3405905.8
ACC0004;2024-05-13;3406415.8
ACC0004;2024-05-14;3406925.8
ACC0004;2024-05-15;3407435.8
ACC0004;2024-05-16;3407945.8
ACC0004;2024-05-17;3408455.8
ACC0004;2024-05-18;3408965.8
ACC0004;2024-05-19;3409475.8
ACC0004;2024-05-20;3409985.8
ACC0004;2024-05-21;3410495.8
ACC0004;2024-05-22;3411005.8
ACC0004;2024-05-23;3411515.8
ACC0004;2024-05-24;3412025.8
ACC0004;2024-05-25;3412535.8
ACC0004;2024-05-26;3413045.8
ACC0004;2024-05-27;3413555.8
ACC0004;2024-05-28;3414065.8
ACC0004;2024-05-29;3414575.8
ACC0004;2024-05-30;3415085.8
ACC0004;2024-05-31;3415595.8
ACC0004;2024-06-01;3416105.8
ACC0004;2024-06-02;3416615.8
ACC0004;2024-06-03;3417125.8
ACC0004;2024-06-04;3417635.8
ACC0004;2024-06-05;3418145.8
ACC0004;2024-06-06;3418655.8
ACC0004;2024-06-07;3419165.8
ACC0004;2024-06-08;3419675.8
ACC0004;2024-06-09;3420185.8
ACC0004;2024-06-10;3420695.8
ACC0004;2024-06-11;3421205.8
ACC0004;2024-06-12;3421715.8
ACC0004;2024-06-13;3422225.8
ACC0004;2024-06-14;3422735.8
ACC0004;2024-06-15;3423245.8
ACC0004;2024-06-16;3423755.8
ACC0004;2024-06-17;3424265.8
ACC0004;2024-06-18;3424775.8
ACC0004;2024-06-19;3425285.8
ACC0004;2024-06-20;3425795.8
ACC0004;2024-06-21;3426305.8
ACC0004;2024-06-22;3426815.8
ACC0004;2024-06-23;3427325.8
ACC0004;2024-06-24;3427835.8
ACC0004;2024-06-25;3428345.8
ACC0004;2024-06-26;3428855.8
ACC0004;2024-06-27;3429365.8
ACC0004;2024-06-28;3429875.8
ACC0004;2024-06-29;3430385.8
ACC0004;2024-06-30;3430895.8
ACC0004;2024-07-01;3431405.8
ACC0004;2024-07-02;3431915.8
ACC0004;2024-07-03;3432425.8
ACC0004;2024-07-04;3432935.8
ACC0004;2024-07-05;3433445.8
ACC0004;2024-07-06;3433955.8
ACC0004;2024-07-07;3434465.8
ACC0004;2024-07-08;3434975.8
ACC0004;2024-07-09;3435485.8
ACC0004;2024-07-10;3435995.8
ACC0004;2024-07-11;3436505.8
ACC0004;2024-07-12;3437015.8
ACC0004;2024-07-13;3437525.8
ACC0004;2024-07-14;3438035.8
ACC0004;2024-07-15;3438545.8
ACC0004;2024-07-16;3439055.8
ACC0004;2024-07-17;3439565.8
ACC0004;2024-07-18;3440075.8
ACC0004;2024-07-19;3440585.8
ACC0004;2024-07-20;3441095.8
ACC0004;2024-07-21;3441605.8
ACC0004;2024-07-22;3442115.8
ACC0004;2024-07-23;3442625.8
ACC0004;2024-07-24;3782625.8
ACC0004;2024-07-25;4122625.8
ACC0004;2024-07-26;4462625.8
ACC0004;2024-07-27;4802625.8
ACC0004;2024-07-28;5142625.8
ACC0004;2024-07-29;5482625.8
ACC0004;2024-07-30;5822625.8
ACC0004;2024-07-31;6162625.8
ACC0004;2024-08-01;6502625.8
ACC0004;2024-08-02;6842625.8
ACC0004;2024-08-03;7182625.8
ACC0004;2024-08-04;7522625.8
ACC0004;2024-08-05;7862625.8
ACC0004;2024-08-06;8202625.8
ACC0004;2024-08-07;8542625.8
ACC0004;2024-08-08;8542795.8
ACC0004;2024-08-09;8542965.8
ACC0004;2024-08-10;8543135.8
ACC0004;2024-08-11;8543305.8
ACC0004;2024-08-12;8543475.8
ACC0004;2024-08-13;8543645.8
ACC0004;2024-08-14;8543815.8
ACC0004;2024-08-15;8543985.8
ACC0004;2024-08-16;8544155.8
ACC0004;2024-08-17;8544325.8
ACC0004;2024-08-18;8544495.8
ACC0004;2024-08-19;8544665.8
ACC0004;2024-08-20;8544835.8
ACC0004;2024-08-21;8545005.8
ACC0004;2024-08-22;8545175.8
ACC0004;2024-08-23;8545345.8
ACC0004;2024-08-24;8545515.8
ACC0004;2024-08-25;8545685.8
ACC0004;2024-08-26;8545855.8
ACC0004;2024-08-27;8546025.8
ACC0004;2024-08-28;8546195.8
ACC0004;2024-08-29;8546365.8
ACC0004;2024-08-30;8546535.8
ACC0004;2024-08-31;8546705.8
ACC0004;2024-09-01;8546875.8
ACC0004;2024-09-02;8547045.8
ACC0004;2024-09-03;8547215.8
ACC0004;2024-09-04;8547385.8
ACC0004;2024-09-05;8547555.8
ACC0004;2024-09-06;8547725.8
ACC0004;2024-09-07;8547895.8
ACC0004;2024-09-08;8548065.8
ACC0004;2024-09-09;8548235.8
ACC0004;2024-09-10;8548405.8
ACC0004;2024-09-11;8548575.8
ACC0004;2024-09-12;8548745.8
ACC0004;2024-09-13;8548915.8
ACC0004;2024-09-14;8549085.8
ACC0004;2024-09-15;8549255.8
ACC0004;2024-09-16;8549425.8
ACC0004;2024-09-17;8549595.8
ACC0004;2024-09-18;8549765.8
ACC0004;2024-09-19;8549935.8
ACC0004;2024-09-20;8550105.8
ACC0004;2024-09-21;8550275.8
ACC0004;2024-09-22;8550445.8
ACC0004;2024-09-23;8550615.8
ACC0004;2024-09-24;8550785.8
ACC0004;2024-09-25;8550955.8
ACC0004;2024-09-26;8551125.8
ACC0004;2024-09-27;8551295.8
ACC0004;2024-09-28;8551465.8
ACC0004;2024-09-29;8551635.8
ACC0004;2024-09-30;8551805.8
ACC0004;2024-10-01;8551975.8
ACC0004;2024-10-02;8552145.8
ACC0004;2024-10-03;8552315.8
ACC0004;2024-10-04;8552485.8
ACC0004;2024-10-05;8552655.8
ACC0004;2024-10-06;8552825.8
ACC0004;2024-10-07;8552995.8
ACC0004;2024-10-08;6852995.8
ACC0004;2024-10-09;6853410.6
ACC0004;2024-10-10;6853825.4
ACC0004;2024-10-11;6854240.2
ACC0004;2024-10-12;6854655.0
ACC0004;2024-10-13;6855069.8
ACC0004;2024-10-14;6855484.6
ACC0004;2024-10-15;6855899.4
ACC0004;2024-10-16;6856314.2
ACC0004;2024-10-17;6856729.0
ACC0004;2024-10-18;6857143.8
ACC0004;2024-10-19;6857558.6
ACC0004;2024-10-20;6857973.4
ACC0004;2024-10-21;6858388.2
ACC0004;2024-10-22;6858803.0
ACC0004;2024-10-23;6859217.8
ACC0004;2024-10-24;6859632.6
ACC0004;2024-10-25;6860047.4
ACC0004;2024-10-26;6860462.2
ACC0004;2024-10-27;6860877.0
ACC0004;2024-10-28;6861291.8
ACC0004;2024-10-29;6861706.6
ACC0004;2024-10-30;6862121.4
ACC0004;2024-10-31;6862536.2
ACC0004;2024-11-01;6862951.0
ACC0004;2024-11-02;6863365.8
ACC0004;2024-11-03;6863780.6
ACC0004;2024-11-04;6864195.4
ACC0004;2024-11-05;6864610.2
ACC0004;2024-11-06;6865025.0
ACC0004;2024-11-07;6865439.8
ACC0004;2024-11-08;6865854.6
ACC0004;2024-11-09;6866269.4
ACC0004;2024-11-10;6866684.2
ACC0004;2024-11-11;6867099.0
ACC0004;2024-11-12;6867513.8
ACC0004;2024-11-13;6867928.6
ACC0004;2024-11-14;6868343.4
ACC0004;2024-11-15;6868758.2
ACC0004;2024-11-16;6869173.0
ACC0004;2024-11-17;6869587.8
ACC0004;2024-11-18;6870002.6
ACC0004;2024-11-19;6870417.4
ACC0004;2024-11-20;6870832.2
ACC0004;2024-11-21;6871247.0
ACC0004;2024-11-22;6871661.8
ACC0004;2024-11-23;6872076.6
ACC0004;2024-11-24;6872491.4
ACC0004;2024-11-25;6872906.2
ACC0004;2024-11-26;6873321.0
ACC0004;2024-11-27;6873735.8
ACC0004;2024-11-28;6874150.6
ACC0004;2024-11-29;6874565.4
ACC0004;2024-11-30;6874980.2
ACC0004;2024-12-01;6875395.0
ACC0004;2024-12-02;6875809.8
ACC0004;2024-12-03;6876224.6
ACC0004;2024-12-04;6876639.4
ACC0004;2024-12-05;6877054.2
ACC0004;2024-12-06;6877469.0
ACC0004;2024-12-07;6877883.8
ACC0004;2024-12-08;6878298.6
ACC0004;2024-12-09;6878713.4
ACC0004;2024-12-10;6879128.2
ACC0004;2024-12-11;6879543.0
ACC0004;2024-12-12;6879957.8
ACC0004;2024-12-13;6880372.6
ACC0004;2024-12-14;6880787.4
ACC0004;2024-12-15;6881202.2
ACC0004;2024-12-16;6881617.0
ACC0004;2024-12-17;6882031.8
ACC0004;2024-12-18;6882446.6
ACC0004;2024-12-19;6882861.4
ACC0004;2024-12-20;6883276.2
ACC0004;2024-12-21;6883691.0
ACC0004;2024-12-22;6884105.8
ACC0004;2024-12-23;6884520.6
ACC0004;2024-12-24;6884935.4
ACC0004;2024-12-25;6885350.2
ACC0004;2024-12-26;6885765.0
ACC0004;2024-12-27;6886179.8
ACC0004;2024-12-28;6886594.6
ACC0004;2024-12-29;6887009.4
ACC0004;2024-12-30;6887424.2
ACC0004;2024-12-31;6887839.0
ACC0004;2025-01-01;6888253.8
ACC0004;2025-01-02;6888668.6
ACC0004;2025-01-03;6889083.4
ACC0004;2025-01-04;6889498.2
ACC0004;2025-01-05;6889913.0
ACC0004;2025-01-06;6890327.8
ACC0004;2025-01-07;6890742.6
ACC0004;2025-01-08;6891157.4
ACC0004;2025-01-09;6891572.2
ACC0004;2025-01-10;6891987.0
ACC0004;2025-01-11;6892401.8
ACC0004;2025-01-12;6892816.6
ACC0004;2025-01-13;6893231.4
ACC0004;2025-01-14;6893646.2
ACC0004;2025-01-15;6894061.0
ACC0004;2025-01-16;6894475.8
ACC0004;2025-01-17;6894890.6
ACC0004;2025-01-18;6895305.4
ACC0004;2025-01-19;6895720.2
ACC0004;2025-01-20;6896135.0
ACC0004;2025-01-21;6896549.8
ACC0004;2025-01-22;6896964.6
ACC0004;2025-01-23;6897379.4
ACC0004;2025-01-24;6897794.2
ACC0004;2025-01-25;6898209.0
ACC0004;2025-01-26;6898623.8
ACC0004;2025-01-27;6899038.6
ACC0004;2025-01-28;6899453.4
ACC0004;2025-01-29;6899868.2
ACC0004;2025-01-30;6900283.0
ACC0004;2025-01-31;6900697.8
ACC0004;2025-02-15;6906919.8
ACC0004;2025-02-16;6907334.6
ACC0004;2025-02-17;6907749.4
ACC0004;2025-02-18;6908164.2
ACC0004;2025-02-19;6908579.0
ACC0004;2025-02-20;6908993.8
ACC0004;2025-02-21;6909408.6
ACC0004;2025-02-22;6909823.4
ACC0004;2025-02-23;6910238.2
ACC0004;2025-02-24;6910653.0
ACC0004;2025-02-25;6911067.8
ACC0004;2025-02-26;6911482.6
ACC0004;2025-02-27;6911897.4
ACC0004;2025-02-28;6912312.2
ACC0004;2025-03-01;6912727.0
ACC0004;2025-03-02;6913141.8
ACC0004;2025-03-03;6913556.6
ACC0004;2025-03-04;6913971.4
ACC0004;2025-03-05;6914386.2
ACC0004;2025-03-06;6914801.0
ACC0004;2025-03-07;6915215.8
ACC0004;2025-03-08;6915630.6
ACC0004;2025-03-09;6916045.4
ACC0004;2025-03-10;6916460.2
ACC0004;2025-03-11;6916875.0
ACC0004;2025-03-12;6917289.8
ACC0004;2025-03-13;6917704.6
ACC0004;2025-03-14;6918119.4
ACC0004;2025-03-15;6918534.2
ACC0004;2025-03-16;6918949.0
ACC0004;2025-03-17;6919363.8
ACC0004;2025-03-18;6919778.6
ACC0004;2025-03-19;6920193.4
ACC0004;2025-03-20;6920608.2
ACC0004;2025-03-21;6921023.0
ACC0004;2025-03-22;6921437.8
ACC0004;2025-03-23;6921852.6
ACC0004;2025-03-24;6922267.4
ACC0004;2025-03-25;6922682.2
ACC0004;2025-03-26;6923097.0
ACC0004;2025-03-27;6923511.8
ACC0004;2025-03-28;6923926.6
ACC0004;2025-03-29;6924341.4
ACC0004;2025-03-30;6924756.2
ACC0004;2025-03-31;6925171.0
ACC0004;2025-04-01;6925585.8
ACC0004;2025-04-02;6926000.6
ACC0004;2025-04-03;6926415.4
ACC0004;2025-04-04;6926830.2
ACC0004;2025-04-05;6927245.0
ACC0004;2025-04-06;6927659.8
ACC0004;2025-04-07;6928074.6
ACC0004;2025-04-08;6928489.4
ACC0004;2025-04-09;6928904.2
ACC0004;2025-04-10;6929319.0
ACC0004;2025-04-11;6929733.8
ACC0004;2025-04-12;6930148.6
ACC0004;2025-04-13;6930563.4
ACC0004;2025-04-14;6930978.2
ACC0004;2025-04-15;6931393.0
ACC0004;2025-04-16;6931807.8
ACC0004;2025-04-17;6932222.6
ACC0004;2025-04-18;6932637.4
ACC0004;2025-04-19;6933052.2
ACC0004;2025-04-20;6933467.0
ACC0004;2025-04-21;6933881.8
ACC0004;2025-04-22;6934296.6
ACC0004;2025-04-23;6934711.4
ACC0004;2025-04-24;6935126.2
ACC0004;2025-04-25;6935541.0
ACC0004;2025-04-26;6935955.8
ACC0004;2025-04-27;6936370.6
ACC0004;2025-04-28;6936785.4
ACC0004;2025-04-29;6937200.2
ACC0004;2025-04-30;6937615.0
ACC0004;2025-05-01;6938029.8
ACC0004;2025-05-02;6938444.6
ACC0004;2025-05-03;6938859.4
ACC0004;2025-05-04;6939274.2
ACC0004;2025-05-05;6939689.0
ACC0004;2025-05-06;6940103.8
ACC0004;2025-05-07;6940518.6
ACC0004;2025-05-08;6940933.4
ACC0004;2025-05-09;6941348.2
ACC0004;2025-05-10;6941763.0
ACC0004;2025-05-11;6942177.8
ACC0004;2025-05-12;6942592.6
ACC0004;2025-05-13;6943007.4
ACC0004;2025-05-14;6943422.2
ACC0004;2025-05-15;6943837.0
ACC0005;2024-01-01;2076536.46
ACC0005;2024-01-02;2076725.35
ACC0005;2024-01-03;2076914.23
ACC0005;2024-01-04;2077103.12
ACC0005;2024-01-05;2077490.01
ACC0005;2024-01-06;2077688.01
ACC0005;2024-01-07;2077886.01
ACC0005;2024-01-08;2078084.01
ACC0005;2024-01-09;2078282.01
ACC0005;2024-01-10;2078480.01
ACC0005;2024-01-11;2078678.01
ACC0005;2024-01-12;2078876.01
ACC0005;2024-01-13;2079074.01
ACC0005;2024-01-14;2079272.01
ACC0005;2024-01-15;2079470.01
ACC0005;2024-01-16;2079668.01
ACC0005;2024-01-17;2079866.01
ACC0005;2024-01-18;2080064.01
ACC0005;2024-01-19;2080262.01
ACC0005;2024-01-20;2080460.01
ACC0005;2024-01-21;2080658.01
ACC0005;2024-01-22;2080856.01
ACC0005;2024-01-23;2081054.01
ACC0005;2024-01-24;2081252.01
ACC0005;2024-01-25;2081450.01
ACC0005;2024-01-26;2081648.01
ACC0005;2024-01-27;2081846.01
ACC0005;2024-01-28;2082044.01
ACC0005;2024-01-29;2082242.01
ACC0005;2024-01-30;2082440.01
ACC0005;2024-01-31;2082638.01
ACC0005;2024-02-01;2082836.01
ACC0005;2024-02-02;2083034.01
ACC0005;2024-02-03;2083232.01
ACC0005;2024-02-04;2083430.01
ACC0005;2024-02-05;2083628.01
ACC0005;2024-02-06;2083826.01
ACC0005;2024-02-07;2084024.01
ACC0005;2024-02-08;2084222.01
ACC0005;2024-02-09;2084420.01
ACC0005;2024-02-10;2084618.01
ACC0005;2024-02-11;2084816.01
ACC0005;2024-02-12;2085014.01
ACC0005;2024-02-13;2085212.01
ACC0005;2024-02-14;2085410.01
ACC0005;2024-02-15;2085608.01
ACC0005;2024-02-16;2085806.01
ACC0005;2024-02-17;2086004.01
ACC0005;2024-02-18;2086202.01
ACC0005;2024-02-19;2086400.01
ACC0005;2024-02-20;2086598.01
ACC0005;2024-02-21;2086796.01
ACC0005;2024-02-22;2086994.01
ACC0005;2024-02-23;2087192.01
ACC0005;2024-02-24;2087390.01
ACC0005;2024-02-25;2087588.01
ACC0005;2024-02-26;2087786.01
ACC0005;2024-02-27;2087984.01
ACC0005;2024-02-28;2088182.01
ACC0005;2024-02-29;2088380.01
ACC0005;2024-03-01;2088578.01
ACC0005;2024-03-02;2088776.01
ACC0005;2024-03-03;2088974.01
ACC0005;2024-03-04;2089172.01
ACC0005;2024-03-05;2589370.01
ACC0005;2024-03-06;2589568.01
ACC0005;2024-03-07;2589766.01
ACC0005;2024-03-08;2589964.01
ACC0005;2024-03-09;2590162.01
ACC0005;2024-03-10;2590360.01
ACC0005;2024-03-11;2590558.01
ACC0005;2024-03-12;2590756.01
ACC0005;2024-03-13;2590954.01
ACC0005;2024-03-14;2591152.01
ACC0005;2024-03-15;2591350.01
ACC0005;2024-03-16;2591548.01
ACC0005;2024-03-17;2591746.01
ACC0005;2024-03-18;2591944.01
ACC0005;2024-03-19;2592142.01
ACC0005;2024-03-20;2592340.01
ACC0005;2024-03-21;2592538.01
ACC0005;2024-03-22;2592736.01
ACC0005;2024-03-23;2592934.01
ACC0005;2024-03-24;2593132.01
ACC0005;2024-03-25;2593330.01
ACC0005;2024-03-26;2593528.01
ACC0005;2024-03-27;2593726.01
ACC0005;2024-03-28;2593924.01
ACC0005;2024-03-29;2594122.01
ACC0005;2024-03-30;2594320.01
ACC0005;2024-04-01;2594518.01
ACC0005;2024-04-02;2594716.01
ACC0005;2024-04-03;2594914.01
ACC0005;2024-04-04;2595112.01
ACC0005;2024-04-05;2595310.01
ACC0005;2024-04-06;2595508.01
ACC0005;2024-04-07;2595706.01
ACC0005;2024-04-08;2595904.01
ACC0005;2024-04-09;2596102.01
ACC0005;2024-04-10;2596300.01
ACC0005;2024-04-11;2596498.01
ACC0005;2024-04-12;2596696.01
ACC0005;2024-04-13;2596894.01
ACC0005;2024-04-14;2597092.01
ACC0005;2024-04-15;2597290.01
ACC0005;2024-04-16;2597488.01
ACC0005;2024-04-17;2597686.01
ACC0005;2024-04-18;2597884.01
ACC0005;2024-04-19;2598082.01
ACC0005;2024-04-20;2598280.01
ACC0005;2024-04-21;2598478.01
ACC0005;2024-04-22;2598676.01
ACC0005;2024-04-23;2598874.01
ACC0005;2024-04-24;2599072.01
ACC0005;2024-04-25;2599270.01
ACC0005;2024-04-26;2599468.01
ACC0005;2024-04-27;2599666.01
ACC0005;2024-04-28;2599864.01
ACC0005;2024-04-29;2600062.01
ACC0005;2024-04-30;2600260.01
ACC0005;2024-05-01;2600458.01
ACC0005;2024-05-02;2600656.01
ACC0005;2024-05-03;2600854.01
ACC0005;2024-05-04;2601052.01
ACC0005;2024-05-05;2601250.01
ACC0005;2024-05-06;2601448.01
ACC0005;2024-05-07;2601646.01
ACC0005;2024-05-08;2601844.01
ACC0005;2024-05-09;2602042.01
ACC0005;2024-05-10;2602240.01
ACC0005;2024-05-11;2602438.01
ACC0005;2024-05-12;2602636.01
ACC0005;2024-05-13;2602834.01
ACC0005;2024-05-14;2603032.01
ACC0005;2024-05-15;2603230.01
ACC0005;2024-05-16;2603428.01
ACC0005;2024-05-17;2603626.01
ACC0005;2024-05-18;2603824.01
ACC0005;2024-05-19;2604022.01
ACC0005;2024-05-20;2604220.01
ACC0005;2024-05-21;2604418.01
ACC0005;2024-05-22;2604616.01
ACC0005;2024-05-23;2604814.01
ACC0005;2024-05-24;2605012.01
ACC0005;2024-05-25;2605210.01
ACC0005;2024-05-26;2605408.01
ACC0005;2024-05-27;2605606.01
ACC0005;2024-05-28;2605804.01
ACC0005;2024-05-29;2606002.01
ACC0005;2024-05-30;2606200.01
ACC0005;2024-05-31;2606398.01
ACC0005;2024-06-01;2606596.01
ACC0005;2024-06-02;2606794.01
ACC0005;2024-06-03;2606992.01
ACC0005;2024-06-04;2607190.01
ACC0005;2024-06-05;2607388.01
ACC0005;2024-06-06;2607586.01
ACC0005;2024-06-07;2607784.01
ACC0005;2024-06-08;2607982.01
ACC0005;2024-06-09;2608180.01
ACC0005;2024-06-10;2608378.01
ACC0005;2024-06-11;2608576.01
ACC0005;2024-06-12;2608774.01
ACC0005;2024-06-13;2608972.01
ACC0005;2024-06-14;2609170.01
ACC0005;2024-06-15;2609368.01
ACC0005;2024-06-16;2609566.01
ACC0005;2024-06-17;2609764.01
ACC0005;2024-06-18;2609962.01
ACC0005;2024-06-19;2610160.01
ACC0005;2024-06-20;2610358.01
ACC0005;2024-06-21;2610556.01
ACC0005;2024-06-22;2610754.01
ACC0005;2024-06-23;2610952.01
ACC0005;2024-06-24;2611150.01
ACC0005;2024-06-25;2611348.01
ACC0005;2024-06-26;2611546.01
ACC0005;2024-06-27;2611744.01
ACC0005;2024-06-28;2611942.01
ACC0005;2024-06-29;2612140.01
ACC0005;2024-06-30;2612338.01
ACC0005;2024-07-01;2612536.01
ACC0005;2024-07-02;2612734.01
ACC0005;2024-07-03;2612932.01
ACC0005;2024-07-04;2613130.01
ACC0005;2024-07-05;2613328.01
ACC0005;2024-07-06;2613526.01
ACC0005;2024-07-07;2613724.01
ACC0005;2024-07-08;2613922.01
ACC0005;2024-07-09;2614120.01
ACC0005;2024-07-10;2614318.01
ACC0005;2024-07-11;2614516.01
ACC0005;2024-07-12;2614714.01
ACC0005;2024-07-13;2614912.01
ACC0005;2024-07-14;2615110.01
ACC0005;2024-07-15;2615308.01
ACC0005;2024-07-16;2615506.01
ACC0005;2024-07-17;2615704.01
ACC0005;2024-07-18;2615902.01
ACC0005;2024-07-19;2616100.01
ACC0005;2024-07-20;2616298.01
ACC0005;2024-07-21;2616496.01
ACC0005;2024-07-22;2616694.01
ACC0005;2024-07-23;2616892.01
ACC0005;2024-07-24;2617090.01
ACC0005;2024-07-25;2617288.01
ACC0005;2024-07-26;2617486.01
ACC0005;2024-07-27;2617684.01
ACC0005;2024-07-28;2617882.01
ACC0005;2024-07-29;2618080.01
ACC0005;2024-07-30;2618278.01
ACC0005;2024-07-31;2618476.01
ACC0005;2024-08-01;2618674.01
ACC0005;2024-08-02;2618872.01
ACC0005;2024-08-03;2619070.01
ACC0005;2024-08-04;2619268.01
ACC0005;2024-08-05;2619466.01
ACC0005;2024-08-06;2619664.01
ACC0005;2024-08-07;2619862.01
ACC0005;2024-08-08;2620060.01
ACC0005;2024-08-09;2620258.01
ACC0005;2024-08-10;2620456.01
ACC0005;2024-08-11;2620654.01
ACC0005;2024-08-12;2620852.01
ACC0005;2024-08-13;2621050.01
ACC0005;2024-08-14;2621248.01
ACC0005;2024-08-15;2621446.01
ACC0005;2024-08-16;2621644.01
ACC0005;2024-08-17;2621842.01
ACC0005;2024-08-18;2622040.01
ACC0005;2024-08-19;2622238.01
ACC0005;2024-08-20;2622436.01
ACC0005;2024-08-21;2622634.01
ACC0005;2024-08-22;2622832.01
ACC0005;2024-08-23;2623030.01
ACC0005;2024-08-24;2623228.01
ACC0005;2024-08-25;2623426.01
ACC0005;2024-08-26;2623624.01
ACC0005;2024-08-27;2623822.01
ACC0005;2024-08-28;2624020.01
ACC0005;2024-08-29;2624218.01
ACC0005;2024-08-30;2624416.01
ACC0005;2024-08-31;2624614.01
ACC0005;2024-09-01;2624812.01
ACC0005;2024-09-02;2625010.01
ACC0005;2024-09-03;2625208.01
ACC0005;2024-09-04;2625406.01
ACC0005;2024-09-05;2625604.01
ACC0005;2024-09-06;2625802.01
ACC0005;2024-09-07;2626000.01
ACC0005;2024-09-08;2626198.01
ACC0005;2024-09-09;2626396.01
ACC0005;2024-09-10;2626594.01
ACC0005;2024-09-11;2626792.01
ACC0005;2024-09-12;2626990.01
ACC0005;2024-09-13;2627188.01
ACC0005;2024-09-14;2627386.01
ACC0005;2024-09-15;2627584.01
ACC0005;2024-09-16;2627782.01
ACC0005;2024-09-17;2627980.01
ACC0005;2024-09-18;2628178.01
ACC0005;2024-09-19;2628376.01
ACC0005;2024-09-20;2628574.01
ACC0005;2024-09-21;2628772.01
ACC0005;2024-09-22;2628970.01
ACC0005;2024-09-23;2629168.01
ACC0005;2024-09-24;2629366.01
ACC0005;2024-09-25;2629564.01
ACC0005;2024-09-26;2629762.01
ACC0005;2024-09-27;2629960.01
ACC0005;2024-09-28;2630158.01
ACC0005;2024-09-29;2630356.01
ACC0005;2024-09-30;2630554.01
ACC0005;2024-10-01;2630752.01
ACC0005;2024-10-02;2630950.01
ACC0005;2024-10-03;2631148.01
ACC0005;2024-10-04;2631346.01
ACC0005;2024-10-05;2631544.01
ACC0005;2024-10-06;2631742.01
ACC0005;2024-10-07;2631940.01
ACC0005;2024-10-08;2632138.01
ACC0005;2024-10-09;2632336.01
ACC0005;2024-10-10;2632534.01
ACC0005;2024-10-11;2632732.01
ACC0005;2024-10-12;2632930.01
ACC0005;2024-10-13;2633128.01
ACC0005;2024-10-14;2633326.01
ACC0005;2024-10-15;2633524.01
ACC0005;2024-10-16;2633722.01
ACC0005;2024-10-17;2633920.01
ACC0005;2024-10-18;2634118.01
ACC0005;2024-10-19;2634316.01
ACC0005;2024-10-20;2634514.01
ACC0005;2024-10-21;2634712.01
ACC0005;2024-10-22;2634910.01
ACC0005;2024-10-23;2635108.01
ACC0005;2024-10-24;2635306.01
ACC0005;2024-10-25;2635504.01
ACC0005;2024-10-26;2635702.01
ACC0005;2024-10-27;2635900.01
ACC0005;2024-10-28;2636098.01
ACC0005;2024-10-29;2636296.01
ACC0005;2024-10-30;2636494.01
ACC0005;2024-10-31;2636692.01
ACC0005;2024-11-01;2636890.01
ACC0005;2024-11-02;2637088.01
ACC0005;2024-11-03;2637286.01
ACC0005;2024-11-04;2637484.01
ACC0005;2024-11-05;2637682.01
ACC0005;2024-11-06;2637880.01
ACC0005;2024-11-07;2638078.01
ACC0005;2024-11-08;2638276.01
ACC0005;2024-11-09;2638474.01
ACC0005;2024-11-10;2638672.01
ACC0005;2024-11-11;2638870.01
ACC0005;2024-11-12;2639068.01
ACC0005;2024-11-13;2639266.01
ACC0005;2024-11-14;2639464.01
ACC0005;2024-11-15;2639662.01
ACC0005;2024-11-16;2639860.01
ACC0005;2024-11-17;2640058.01
ACC0005;2024-11-18;2640256.01
ACC0005;2024-11-19;2640454.01
ACC0005;2024-11-20;2640652.01
ACC0005;2024-11-21;2640850.01
ACC0005;2024-11-22;2641048.01
ACC0005;2024-11-23;2641246.01
ACC0005;2024-11-24;2641444.01
ACC0005;2024-11-25;2641642.01
ACC0005;2024-11-26;2641840.01
ACC0005;2024-11-27;2642038.01
ACC0005;2024-11-28;2642236.01
ACC0005;2024-11-29;2642434.01
ACC0005;2024-11-30;2642632.01
ACC0005;2024-12-01;2642830.01
ACC0005;2024-12-02;2643028.01
ACC0005;2024-12-03;2643226.01
ACC0005;2024-12-04;2643424.01
ACC0005;2024-12-05;2643622.01
ACC0005;2024-12-06;2643820.01
ACC0005;2024-12-07;2644018.01
ACC0005;2024-12-08;2644216.01
ACC0005;2024-12-09;2644414.01
ACC0005;2024-12-10;2644612.01
ACC0005;2024-12-11;2644810.01
ACC0005;2024-12-12;2645008.01
ACC0005;2024-12-13;2645206.01
ACC0005;2024-12-14;2645404.01
ACC0005;2024-12-15;2645602.01
ACC0005;2024-12-16;2645800.01
ACC0005;2024-12-17;2645998.01
ACC0005;2024-12-18;2646196.01
ACC0005;2024-12-19;2646394.01
ACC0005;2024-12-20;2646592.01
ACC0005;2024-12-21;2646790.01
ACC0005;2024-12-22;2646988.01
ACC0005;2024-12-23;2647186.01
ACC0005;2024-12-24;2647384.01
ACC0005;2024-12-25;2647582.01
ACC0005;2024-12-26;2647780.01
ACC0005;2024-12-27;2647978.01
ACC0005;2024-12-28;2648176.01
ACC0005;2024-12-29;2648374.01
ACC0005;2024-12-30;2648572.01
ACC0005;2024-12-31;2648770.01
ACC0005;2025-01-01;2648968.01
ACC0005;2025-01-02;2649166.01
ACC0005;2025-01-03;2649364.01
ACC0005;2025-01-04;2649562.01
ACC0005;2025-01-05;2649760.01
ACC0005;2025-01-06;2649958.01
ACC0005;2025-01-07;2650156.01
ACC0005;2025-01-08;2650354.01
ACC0005;2025-01-09;2650552.01
ACC0005;2025-01-10;2650750.01
ACC0005;2025-01-11;2650948.01
ACC0005;2025-01-12;2651146.01
ACC0005;2025-01-13;2651344.01
ACC0005;2025-01-14;2651542.01
ACC0005;2025-01-15;2651740.01
ACC0005;2025-01-16;2651938.01
ACC0005;2025-01-17;2652136.01
ACC0005;2025-01-18;2652334.01
ACC0005;2025-01-19;2652532.01
ACC0005;2025-01-20;2652730.01
ACC0005;2025-01-21;2652928.01
ACC0005;2025-01-22;2653126.01
ACC0005;2025-01-23;2653324.01
ACC0005;2025-01-24;2653522.01
ACC0005;2025-01-25;2653720.01
ACC0005;2025-01-26;2653918.01
ACC0005;2025-01-27;2654116.01
ACC0005;2025-01-28;2654314.01
ACC0005;2025-01-29;2654512.01
ACC0005;2025-01-30;2654710.01
ACC0005;2025-01-31;2654908.01
ACC0005;2025-02-01;2655106.01
ACC0005;2025-02-02;2655304.01
ACC0005;2025-02-03;2655502.01
ACC0005;2025-02-04;2655700.01
ACC0005;2025-02-05;2655898.01
ACC0005;2025-02-06;2656096.01
ACC0005;2025-02-07;2656294.01
ACC0005;2025-02-08;2656492.01
ACC0005;2025-02-09;2656690.01
ACC0005;2025-02-10;2656888.01
ACC0005;2025-02-11;2657086.01
ACC0005;2025-02-12;2657284.01
ACC0005;2025-02-13;2657482.01
ACC0005;2025-02-14;2657680.01
ACC0005;2025-02-15;2657878.01
ACC0005;2025-02-16;2658076.01
ACC0005;2025-02-17;2658274.01
ACC0005;2025-02-18;2658472.01
ACC0005;2025-02-19;2658670.01
ACC0005;2025-02-20;2658868.01
ACC0005;2025-02-21;2659066.01
ACC0005;2025-02-22;2659264.01
ACC0005;2025-02-23;2659462.01
ACC0005;2025-02-24;2659660.01
ACC0005;2025-02-25;2659858.01
ACC0005;2025-02-26;2660056.01
ACC0005;2025-02-27;2660254.01
ACC0005;2025-02-28;2660452.01
ACC0005;2025-03-01;2660650.01
ACC0005;2025-03-02;2660848.01
ACC0005;2025-03-03;2661046.01
ACC0005;2025-03-04;2661244.01
ACC0005;2025-03-05;2661442.01
ACC0005;2025-03-06;2661640.01
ACC0005;2025-03-07;2661838.01
ACC0005;2025-03-08;2662036.01
ACC0005;2025-03-09;2662234.01
ACC0005;2025-03-10;2662432.01
ACC0005;2025-03-11;2662630.01
ACC0005;2025-03-12;2662828.01
ACC0005;2025-03-13;2663026.01
ACC0005;2025-03-14;2663224.01
ACC0005;2025-03-15;2663422.01
ACC0005;2025-03-16;2663620.01
ACC0005;2025-03-17;2663818.01
ACC0005;2025-03-18;2664016.01
ACC0005;2025-03-19;2664214.01
ACC0005;2025-03-20;2664412.01
ACC0005;2025-03-21;2664610.01
ACC0005;2025-03-22;2664808.01
ACC0005;2025-03-23;2665006.01
ACC0005;2025-03-24;2665204.01
ACC0005;2025-03-25;2665402.01
ACC0005;2025-03-26;2665600.01
ACC0005;2025-03-27;2665798.01
ACC0005;2025-03-28;2665996.01
ACC0005;2025-03-29;2666194.01
ACC0005;2025-03-30;2666392.01
ACC0005;2025-03-31;2666590.01
ACC0005;2025-04-01;2666788.01
ACC0005;2025-04-02;2666986.01
ACC0005;2025-04-03;2667184.01
ACC0005;2025-04-04;2667382.01
ACC0005;2025-04-05;2667580.01
ACC0005;2025-04-06;2667778.01
ACC0005;2025-04-07;2667976.01
ACC0005;2025-04-08;2668174.01
ACC0005;2025-04-09;2668372.01
ACC0005;2025-04-10;2668570.01
ACC0005;2025-04-11;2668768.01
ACC0005;2025-04-12;2668966.01
ACC0005;2025-04-13;2669164.01
ACC0005;2025-04-14;2669362.01
ACC0005;2025-04-15;2669560.01
ACC0005;2025-04-16;2669758.01
ACC0005;2025-04-17;2669956.01
ACC0005;2025-04-18;2670154.01
ACC0005;2025-04-19;2670352.01
ACC0005;2025-04-20;2670550.01
ACC0005;2025-04-21;2670748.01
ACC0005;2025-04-22;2670946.01
ACC0005;2025-04-23;2671144.01
ACC0005;2025-04-24;2671342.01
ACC0005;2025-04-25;2671540.01
ACC0005;2025-04-26;2671738.01
ACC0005;2025-04-27;2671936.01
ACC0005;2025-04-28;2672134.01
ACC0005;2025-04-29;2672332.01
ACC0005;2025-04-30;2672530.01
ACC0005;2025-05-01;2672728.01
ACC0005;2025-05-02;2672926.01
ACC0005;2025-05-03;2673124.01
ACC0005;2025-05-04;2673322.01
ACC0005;2025-05-05;2673520.01
ACC0005;2025-05-06;2673718.01
ACC0005;2025-05-07;2673916.01
ACC0005;2025-05-08;2674114.01
ACC0005;2025-05-09;2674312.01
ACC0005;2025-05-10;2674510.01
ACC0005;2025-05-11;2674708.01
ACC0005;2025-05-12;2674906.01
ACC0005;2025-05-13;2675104.01
ACC0005;2025-05-14;2675302.01
ACC0005;2025-05-15;2675500.01
ACC0006;2024-01-01;19536006.5
ACC0006;2024-01-02;19537205.94
ACC0006;2024-01-03;19538405.39
ACC0006;2024-01-04;19539604.83
ACC0006;2024-01-05;19542061.58
ACC0006;2024-01-06;19543318.88
ACC0006;2024-01-07;19544576.18
ACC0006;2024-01-08;19545833.48
ACC0006;2024-01-09;19547090.78
ACC0006;2024-01-10;19548348.08
ACC0006;2024-01-11;19549605.38
ACC0006;2024-01-12;19550862.68
ACC0006;2024-01-13;19552119.98
ACC0006;2024-01-14;19553377.28
ACC0006;2024-01-15;19554634.58
ACC0006;2024-01-16;19555891.88
ACC0006;2024-01-17;19557149.18
ACC0006;2024-01-18;19558406.48
ACC0006;2024-01-19;19559663.78
ACC0006;2024-01-20;19560921.08
ACC0006;2024-01-21;19562178.38
ACC0006;2024-01-22;19563435.68
ACC0006;2024-01-23;19564692.98
ACC0006;2024-01-24;19565950.28
ACC0006;2024-01-25;19567207.58
ACC0006;2024-01-26;19568464.88
ACC0006;2024-01-27;19569722.18
ACC0006;2024-01-28;19570979.48
ACC0006;2024-01-29;19572236.78
ACC0006;2024-01-30;19573494.08
ACC0006;2024-01-31;19574751.38
ACC0006;2024-02-01;19576008.68
ACC0006;2024-02-02;19577265.98
ACC0006;2024-02-03;19578523.28
ACC0006;2024-02-04;19579780.58
ACC0006;2024-02-05;19581037.88
ACC0006;2024-02-06;19582295.18
ACC0006;2024-02-07;19583552.48
ACC0006;2024-02-08;19584809.78
ACC0006;2024-02-09;19586067.08
ACC0006;2024-02-10;19587324.38
ACC0006;2024-02-11;19588581.68
ACC0006;2024-02-12;19589838.98
ACC0006;2024-02-13;19591096.28
ACC0006;2024-02-14;19592353.58
ACC0006;2024-02-15;19593610.88
ACC0006;2024-02-16;19594868.18
ACC0006;2024-02-17;19596125.48
ACC0006;2024-02-18;19597382.78
ACC0006;2024-02-19;19598640.08
ACC0006;2024-02-20;19599897.38
ACC0006;2024-02-21;19601154.68
ACC0006;2024-02-22;19602411.98
ACC0006;2024-02-23;19603669.28
ACC0006;2024-02-24;19604926.58
ACC0006;2024-02-25;19606183.88
ACC0006;2024-02-26;19607441.18
ACC0006;2024-02-27;19608698.48
ACC0006;2024-02-28;19609955.78
ACC0006;2024-02-29;19611213.08
ACC0006;2024-03-01;19612470.38
ACC0006;2024-03-02;19613727.68
ACC0006;2024-03-03;19614984.98
ACC0006;2024-03-04;19616242.28
ACC0006;2024-03-05;17077499.58
ACC0006;2024-03-06;17078756.88
ACC0006;2024-03-07;17080014.18
ACC0006;2024-03-08;17081271.48
ACC0006;2024-03-09;17082528.78
ACC0006;2024-03-10;17083786.08
ACC0006;2024-03-11;17085043.38
ACC0006;2024-03-12;17086300.68
ACC0006;2024-03-13;17087557.98
ACC0006;2024-03-14;17088815.28
ACC0006;2024-03-15;17090072.58
ACC0006;2024-03-16;17091329.88
ACC0006;2024-03-17;17092587.18
ACC0006;2024-03-18;17093844.48
ACC0006;2024-03-19;17095101.78
ACC0006;2024-03-20;17096359.08
ACC0006;2024-03-21;17097616.38
ACC0006;2024-03-22;17098873.68
ACC0006;2024-03-23;17100130.98
ACC0006;2024-03-24;17101388.28
ACC0006;2024-03-25;17102645.58
ACC0006;2024-03-26;17103902.88
ACC0006;2024-03-27;17105160.18
ACC0006;2024-03-28;17106417.48
ACC0006;2024-03-29;17107674.78
ACC0006;2024-03-30;17108932.08
ACC0006;2024-04-01;17110189.38
ACC0006;2024-04-02;17111446.68
ACC0006;2024-04-03;17112703.98
ACC0006;2024-04-04;17113961.28
ACC0006;2024-04-05;17115218.58
ACC0006;2024-04-06;17116475.88
ACC0006;2024-04-07;17117733.18
ACC0006;2024-04-08;17118990.48
ACC0006;2024-04-09;17120247.78
ACC0006;2024-04-10;17121505.08
ACC0006;2024-04-11;17122762.38
ACC0006;2024-04-12;17124019.68
ACC0006;2024-04-13;17125276.98
ACC0006;2024-04-14;17126534.28
ACC0006;2024-04-15;17127791.58
ACC0006;2024-04-16;17129048.88
ACC0006;2024-04-17;17130306.18
ACC0006;2024-04-18;17131563.48
ACC0006;2024-04-19;17132820.78
ACC0006;2024-04-20;17134078.08
ACC0006;2024-04-21;17135335.38
ACC0006;2024-04-22;17136592.68
ACC0006;2024-04-23;17137849.98
ACC0006;2024-04-24;17139107.28
ACC0006;2024-04-25;17140364.58
ACC0006;2024-04-26;17141621.88
ACC0006;2024-04-27;17142879.18
ACC0006;2024-04-28;17144136.48
ACC0006;2024-04-29;17145393.78
ACC0006;2024-04-30;17146651.08
ACC0006;2024-05-01;17147908.38
ACC0006;2024-05-02;17149165.68
ACC0006;2024-05-03;17150422.98
ACC0006;2024-05-04;17151680.28
ACC0006;2024-05-05;17152937.58
ACC0006;2024-05-06;17154194.88
ACC0006;2024-05-07;17155452.18
ACC0006;2024-05-08;17156709.48
ACC0006;2024-05-09;17157966.78
ACC0006;2024-05-10;17159224.08
ACC0006;2024-05-11;17160481.38
ACC0006;2024-05-12;17161738.68
ACC0006;2024-05-13;17162995.98
ACC0006;2024-05-14;17164253.28
ACC0006;2024-05-15;17165510.58
ACC0006;2024-05-16;17166767.88
ACC0006;2024-05-17;17168025.18
ACC0006;2024-05-18;17169282.48
ACC0006;2024-05-19;17170539.78
ACC0006;2024-05-20;17171797.08
ACC0006;2024-05-21;17173054.38
ACC0006;2024-05-22;17174311.68
ACC0006;2024-05-23;17175568.98
ACC0006;2024-05-24;17176826.28
ACC0006;2024-05-25;17178083.58
ACC0006;2024-05-26;17179340.88
ACC0006;2024-05-27;17180598.18
ACC0006;2024-05-28;17181855.48
ACC0006;2024-05-29;17183112.78
ACC0006;2024-05-30;17184370.08
ACC0006;2024-05-31;17185627.38
ACC0006;2024-06-01;17186884.68
ACC0006;2024-06-02;17188141.98
ACC0006;2024-06-03;17189399.28
ACC0006;2024-06-04;17190656.58
ACC0006;2024-06-05;17191913.88
ACC0006;2024-06-06;17193171.18
ACC0006;2024-06-07;17194428.48
ACC0006;2024-06-08;17195685.78
ACC0006;2024-06-09;17196943.08
ACC0006;2024-06-10;17198200.38
ACC0006;2024-06-11;17199457.68
ACC0006;2024-06-12;17200714.98
ACC0006;2024-06-13;17201972.28
ACC0006;2024-06-14;17203229.58
ACC0006;2024-06-15;17204486.88
ACC0006;2024-06-16;17205744.18
ACC0006;2024-06-17;17207001.48
ACC0006;2024-06-18;17208258.78
ACC0006;2024-06-19;17209516.08
ACC0006;2024-06-20;17210773.38
ACC0006;2024-06-21;17212030.68
ACC0006;2024-06-22;17213287.98
ACC0006;2024-06-23;17214545.28
ACC0006;2024-06-24;17215802.58
ACC0006;2024-06-25;17217059.88
ACC0006;2024-06-26;17218317.18
ACC0006;2024-06-27;17219574.48
ACC0006;2024-06-28;17220831.78
ACC0006;2024-06-29;17222089.08
ACC0006;2024-06-30;17223346.38
ACC0006;2024-07-01;17224603.68
ACC0006;2024-07-02;17225860.98
ACC0006;2024-07-03;17227118.28
ACC0006;2024-07-04;17228375.58
ACC0006;2024-07-05;17229632.88
ACC0006;2024-07-06;17230890.18
ACC0006;2024-07-07;17232147.48
ACC0006;2024-07-08;17233404.78
ACC0006;2024-07-09;17234662.08
ACC0006;2024-07-10;17235919.38
ACC0006;2024-07-11;17237176.68
ACC0006;2024-07-12;17238433.98
ACC0006;2024-07-13;17239691.28
ACC0006;2024-07-14;17240948.58
ACC0006;2024-07-15;17242205.88
ACC0006;2024-07-16;17243463.18
ACC0006;2024-07-17;17244720.48
ACC0006;2024-07-18;17245977.78
ACC0006;2024-07-19;17247235.08
ACC0006;2024-07-20;17248492.38
ACC0006;2024-07-21;17249749.68
ACC0006;2024-07-22;17251006.98
ACC0006;2024-07-23;17252264.28
ACC0006;2024-07-24;17253521.58
ACC0006;2024-07-25;17254778.88
ACC0006;2024-07-26;17256036.18
ACC0006;2024-07-27;17257293.48
ACC0006;2024-07-28;17258550.78
ACC0006;2024-07-29;17259808.08
ACC0006;2024-07-30;17261065.38
ACC0006;2024-07-31;17262322.68
ACC0006;2024-08-01;17263579.98
ACC0006;2024-08-02;17264837.28
ACC0006;2024-08-03;17266094.58
ACC0006;2024-08-04;17267351.88
ACC0006;2024-08-05;17268609.18
ACC0006;2024-08-06;17269866.48
ACC0006;2024-08-07;17271123.78
ACC0006;2024-08-08;17272381.08
ACC0006;2024-08-09;17273638.38
ACC0006;2024-08-10;17274895.68
ACC0006;2024-08-11;17276152.98
ACC0006;2024-08-12;17277410.28
ACC0006;2024-08-13;17278667.58
ACC0006;2024-08-14;17279924.88
ACC0006;2024-08-15;17281182.18
ACC0006;2024-08-16;17282439.48
ACC0006;2024-08-17;17283696.78
ACC0006;2024-08-18;17284954.08
ACC0006;2024-08-19;17286211.38
ACC0006;2024-08-20;17287468.68
ACC0006;2024-08-21;17288725.98
ACC0006;2024-08-22;17289983.28
ACC0006;2024-08-23;17291240.58
ACC0006;2024-08-24;17292497.88
ACC0006;2024-08-25;17293755.18
ACC0006;2024-08-26;17295012.48
ACC0006;2024-08-27;17296269.78
ACC0006;2024-08-28;17297527.08
ACC0006;2024-08-29;17298784.38
ACC0006;2024-08-30;17300041.68
ACC0006;2024-08-31;17301298.98
ACC0006;2024-09-01;17302556.28
ACC0006;2024-09-02;17303813.58
ACC0006;2024-09-03;17305070.88
ACC0006;2024-09-04;17306328.18
ACC0006;2024-09-05;17307585.48
ACC0006;2024-09-06;17308842.78
ACC0006;2024-09-07;17310100.08
ACC0006;2024-09-08;17311357.38
ACC0006;2024-09-09;17312614.68
ACC0006;2024-09-10;17313871.98
ACC0006;2024-09-11;17315129.28
ACC0006;2024-09-12;17316386.58
ACC0006;2024-09-13;17317643.88
ACC0006;2024-09-14;17318901.18
ACC0006;2024-09-15;17320158.48
ACC0006;2024-09-16;17321415.78
ACC0006;2024-09-17;17322673.08
ACC0006;2024-09-18;17323930.38
ACC0006;2024-09-19;17325187.68
ACC0006;2024-09-20;17326444.98
ACC0006;2024-09-21;17327702.28
ACC0006;2024-09-22;17328959.58
ACC0006;2024-09-23;17330216.88
ACC0006;2024-09-24;17331474.18
ACC0006;2024-09-25;17332731.48
ACC0006;2024-09-26;17333988.78
ACC0006;2024-09-27;17335246.08
ACC0006;2024-09-28;17336503.38
ACC0006;2024-09-29;17337760.68
ACC0006;2024-09-30;17339017.98
ACC0006;2024-10-01;17340275.28
ACC0006;2024-10-02;17341532.58
ACC0006;2024-10-03;17342789.88
ACC0006;2024-10-04;17344047.18
ACC0006;2024-10-05;17345304.48
ACC0006;2024-10-06;17346561.78
ACC0006;2024-10-07;17347819.08
ACC0006;2024-10-08;17349076.38
ACC0006;2024-10-09;17350333.68
ACC0006;2024-10-10;17351590.98
ACC0006;2024-10-11;17352848.28
ACC0006;2024-10-12;17354105.58
ACC0006;2024-10-13;17355362.88
ACC0006;2024-10-14;17356620.18
ACC0006;2024-10-15;17357877.48
ACC0006;2024-10-16;17359134.78
ACC0006;2024-10-17;17360392.08
ACC0006;2024-10-18;17361649.38
ACC0006;2024-10-19;17362906.68
ACC0006;2024-10-20;17364163.98
ACC0006;2024-10-21;17365421.28
ACC0006;2024-10-22;17366678.58
ACC0006;2024-10-23;17367935.88
ACC0006;2024-10-24;17369193.18
ACC0006;2024-10-25;17370450.48
ACC0006;2024-10-26;17371707.78
ACC0006;2024-10-27;17372965.08
ACC0006;2024-10-28;17374222.38
ACC0006;2024-10-29;17375479.68
ACC0006;2024-10-30;17376736.98
ACC0006;2024-10-31;17377994.28
ACC0006;2024-11-01;17379251.58
ACC0006;2024-11-02;17380508.88
ACC0006;2024-11-03;17381766.18
ACC0006;2024-11-04;17383023.48
ACC0006;2024-11-05;17384280.78
ACC0006;2024-11-06;17385538.08
ACC0006;2024-11-07;17386795.38
ACC0006;2024-11-08;17388052.68
ACC0006;2024-11-09;17389309.98
ACC0006;2024-11-10;17390567.28
ACC0006;2024-11-11;17391824.58
ACC0006;2024-11-12;17393081.88
ACC0006;2024-11-13;17394339.18
ACC0006;2024-11-14;17395596.48
ACC0006;2024-11-15;17396853.78
ACC0006;2024-11-16;17398111.08
ACC0006;2024-11-17;17399368.38
ACC0006;2024-11-18;17400625.68
ACC0006;2024-11-19;17401882.98
ACC0006;2024-11-20;17403140.28
ACC0006;2024-11-21;17404397.58
ACC0006;2024-11-22;17405654.88
ACC0006;2024-11-23;17406912.18
ACC0006;2024-11-24;17408169.48
ACC0006;2024-11-25;17409426.78
ACC0006;2024-11-26;17410684.08
ACC0006;2024-11-27;17411941.38
ACC0006;2024-11-28;17413198.68
ACC0006;2024-11-29;17414455.98
ACC0006;2024-11-30;17415713.28
ACC0006;2024-12-01;17416970.58
ACC0006;2024-12-02;17418227.88
ACC0006;2024-12-03;17419485.18
ACC0006;2024-12-04;17420742.48
ACC0006;2024-12-05;17421999.78
ACC0006;2024-12-06;17423257.08
ACC0006;2024-12-07;17424514.38
ACC0006;2024-12-08;17425771.68
ACC0006;2024-12-09;17427028.98
ACC0006;2024-12-10;17428286.28
ACC0006;2024-12-11;17429543.58
ACC0006;2024-12-12;17430800.88
ACC0006;2024-12-13;17432058.18
ACC0006;2024-12-14;17433315.48
ACC0006;2024-12-15;17434572.78
ACC0006;2024-12-16;17435830.08
ACC0006;2024-12-17;17437087.38
ACC0006;2024-12-18;17438344.68
ACC0006;2024-12-19;17439601.98
ACC0006;2024-12-20;17440859.28
ACC0006;2024-12-21;17442116.58
ACC0006;2024-12-22;17443373.88
ACC0006;2024-12-23;17444631.18
ACC0006;2024-12-24;17445888.48
ACC0006;2024-12-25;17447145.78
ACC0006;2024-12-26;17448403.08
ACC0006;2024-12-27;17449660.38
ACC0006;2024-12-28;17450917.68
ACC0006;2024-12-29;17452174.98
ACC0006;2024-12-30;17453432.28
ACC0006;2024-12-31;17454689.58
ACC0006;2025-01-01;17455946.88
ACC0006;2025-01-02;17457204.18
ACC0006;2025-01-03;17458461.48
ACC0006;2025-01-04;17459718.78
ACC0006;2025-01-05;17460976.08
ACC0006;2025-01-06;17462233.38
ACC0006;2025-01-07;17463490.68
ACC0006;2025-01-08;17464747.98
ACC0006;2025-01-09;17466005.28
ACC0006;2025-01-10;17467262.58
ACC0006;2025-01-11;17468519.88
ACC0006;2025-01-12;17469777.18
ACC0006;2025-01-13;17471034.48
ACC0006;2025-01-14;17472291.78
ACC0006;2025-01-15;17473549.08
ACC0006;2025-01-16;17474806.38
ACC0006;2025-01-17;17476063.68
ACC0006;2025-01-18;17477320.98
ACC0006;2025-01-19;17478578.28
ACC0006;2025-01-20;17479835.58
ACC0006;2025-01-21;17481092.88
ACC0006;2025-01-22;17482350.18
ACC0006;2025-01-23;17483607.48
ACC0006;2025-01-24;17484864.78
ACC0006;2025-01-25;17486122.08
ACC0006;2025-01-26;17487379.38
ACC0006;2025-01-27;17488636.68
ACC0006;2025-01-28;17489893.98
ACC0006;2025-01-29;17491151.28
ACC0006;2025-01-30;17492408.58
ACC0006;2025-01-31;17493665.88
ACC0006;2025-02-01;17494923.18
ACC0006;2025-02-02;17496180.48
ACC0006;2025-02-03;17497437.78
ACC0006;2025-02-04;17498695.08
ACC0006;2025-02-05;17499952.38
ACC0006;2025-02-06;17501209.68
ACC0006;2025-02-07;17502466.98
ACC0006;2025-02-08;17503724.28
ACC0006;2025-02-09;17504981.58
ACC0006;2025-02-10;17506238.88
ACC0006;2025-02-11;17507496.18
ACC0006;2025-02-12;17508753.48
ACC0006;2025-02-13;17510010.78
ACC0006;2025-02-14;17511268.08
ACC0006;2025-02-15;17512525.38
ACC0006;2025-02-16;17513782.68
ACC0006;2025-02-17;17515039.98
ACC0006;2025-02-18;17516297.28
ACC0006;2025-02-19;17517554.58
ACC0006;2025-02-20;17518811.88
ACC0006;2025-02-21;17520069.18
ACC0006;2025-02-22;17521326.48
ACC0006;2025-02-23;17522583.78
ACC0006;2025-02-24;17523841.08
ACC0006;2025-02-25;17525098.38
ACC0006;2025-02-26;17526355.68
ACC0006;2025-02-27;17527612.98
ACC0006;2025-02-28;17528870.28
ACC0006;2025-03-01;17530127.58
ACC0006;2025-03-02;17531384.88
ACC0006;2025-03-03;17532642.18
ACC0006;2025-03-04;17533899.48
ACC0006;2025-03-05;17535156.78
ACC0006;2025-03-06;17536414.08
ACC0006;2025-03-07;17537671.38
ACC0006;2025-03-08;17538928.68
ACC0006;2025-03-09;17540185.98
ACC0006;2025-03-10;17541443.28
ACC0006;2025-03-11;17542700.58
ACC0006;2025-03-12;17543957.88
ACC0006;2025-03-13;17545215.18
ACC0006;2025-03-14;17546472.48
ACC0006;2025-03-15;17547729.78
ACC0006;2025-03-16;17548987.08
ACC0006;2025-03-17;17550244.38
ACC0006;2025-03-18;17551501.68
ACC0006;2025-03-19;17552758.98
ACC0006;2025-03-20;17554016.28
ACC0006;2025-03-21;17555273.58
ACC0006;2025-03-22;17556530.88
ACC0006;2025-03-23;17557788.18
ACC0006;2025-03-24;17559045.48
ACC0006;2025-03-25;17560302.78
ACC0006;2025-03-26;17561560.08
ACC0006;2025-03-27;17562817.38
ACC0006;2025-03-28;17564074.68
ACC0006;2025-03-29;17565331.98
ACC0006;2025-03-30;17566589.28
ACC0006;2025-03-31;17567846.58
ACC0006;2025-04-01;17569103.88
ACC0006;2025-04-02;17570361.18
ACC0006;2025-04-03;17571618.48
ACC0006;2025-04-04;17572875.78
ACC0006;2025-04-05;17574133.08
ACC0006;2025-04-06;17575390.38
ACC0006;2025-04-07;17576647.68
ACC0006;2025-04-08;17577904.98
ACC0006;2025-04-09;17579162.28
ACC0006;2025-04-10;17580419.58
ACC0006;2025-04-11;17581676.88
ACC0006;2025-04-12;17582934.18
ACC0006;2025-04-13;17584191.48
ACC0006;2025-04-14;17585448.78
ACC0006;2025-04-15;17586706.08
ACC0006;2025-04-16;17587963.38
ACC0006;2025-04-17;17589220.68
ACC0006;2025-04-18;17590477.98
ACC0006;2025-04-19;17591735.28
ACC0006;2025-04-20;17592992.58
ACC0006;2025-04-21;17594249.88
ACC0006;2025-04-22;17595507.18
ACC0006;2025-04-23;17596764.48
ACC0006;2025-04-24;17598021.78
ACC0006;2025-04-25;17599279.08
ACC0006;2025-04-26;17600536.38
ACC0006;2025-04-27;17601793.68
ACC0006;2025-04-28;17603050.98
ACC0006;2025-04-29;17604308.28
ACC0006;2025-04-30;17605565.58
ACC0006;2025-05-01;17606822.88
ACC0006;2025-05-02;17608080.18
ACC0006;2025-05-03;17609337.48
ACC0006;2025-05-04;17610594.78
ACC0006;2025-05-05;17611852.08
ACC0006;2025-05-06;17613109.38
ACC0006;2025-05-07;17614366.68
ACC0006;2025-05-08;17615623.98
ACC0006;2025-05-09;17616881.28
ACC0006;2025-05-10;17618138.58
ACC0006;2025-05-11;17619395.88
ACC0006;2025-05-12;17620653.18
ACC0006;2025-05-13;17621910.48
ACC0006;2025-05-14;17623167.78
ACC0006;2025-05-15;17624425.08
