data,cotacaoCompra,cotacaoVenda,dataHoraCotacao,dataExtracao
2024-01-01,4.891,4.8916,2024-01-02 13:05:50,2025-01-06 15:42:16
2024-01-02,4.891,4.8916,2024-01-02 13:05:50,2025-01-06 15:42:16
2024-01-03,4.9206,4.9212,2024-01-03 13:14:41,2025-01-06 15:42:16
2024-01-04,4.9182,4.9188,2024-01-04 13:05:35,2025-01-06 15:42:16
2024-01-05,4.8893,4.8899,2024-01-05 13:10:31,2025-01-06 15:42:16
2024-01-06,4.8844,4.885,2024-01-08 13:11:30,2025-01-06 15:42:16
2024-01-07,4.8844,4.885,2024-01-08 13:11:30,2025-01-06 15:42:16
2024-01-08,4.8844,4.885,2024-01-08 13:11:30,2025-01-06 15:42:16
2024-01-09,4.8931,4.8937,2024-01-09 13:09:30,2025-01-06 15:42:16
2024-01-10,4.8895,4.8901,2024-01-10 13:09:34,2025-01-06 15:42:16
2024-01-11,4.8788,4.8794,2024-01-11 17:03:40,2025-01-06 15:42:16
2024-01-12,4.8537,4.8543,2024-01-12 13:26:56,2025-01-06 15:42:16
2024-01-13,4.8759,4.8765,2024-01-15 13:38:08,2025-01-06 15:42:16
2024-01-14,4.8759,4.8765,2024-01-15 13:38:08,2025-01-06 15:42:16
2024-01-15,4.8759,4.8765,2024-01-15 13:38:08,2025-01-06 15:42:16
2024-01-16,4.9032,4.9038,2024-01-16 13:35:20,2025-01-06 15:42:16
2024-01-17,4.934,4.9346,2024-01-17 14:31:39,2025-01-06 15:42:16
2024-01-18,4.9397,4.9403,2024-01-18 14:01:21,2025-01-06 15:42:16
2024-01-19,4.9217,4.9223,2024-01-19 13:47:20,2025-01-06 15:42:16
2024-01-20,4.9484,4.949,2024-01-22 14:01:41,2025-01-06 15:42:16
2024-01-21,4.9484,4.949,2024-01-22 14:01:41,2025-01-06 15:42:16
2024-01-22,4.9484,4.949,2024-01-22 14:01:41,2025-01-06 15:42:16
2024-01-23,4.9709,4.9715,2024-01-23 13:45:44,2025-01-06 15:42:16
2024-01-24,4.9186,4.9192,2024-01-24 15:11:37,2025-01-06 15:42:16
2024-01-25,4.9226,4.9232,2024-01-25 14:04:32,2025-01-06 15:42:16
2024-01-26,4.9119,4.9125,2024-01-26 15:32:06,2025-01-06 15:42:16
2024-01-27,4.9219,4.9225,2024-01-29 13:32:10,2025-01-06 15:42:16
2024-01-28,4.9219,4.9225,2024-01-29 13:32:10,2025-01-06 15:42:16
2024-01-29,4.9219,4.9225,2024-01-29 13:32:10,2025-01-06 15:42:16
2024-01-30,4.9632,4.9638,2024-01-30 14:41:21,2025-01-06 15:42:16
2024-01-31,4.9529,4.9535,2024-01-31 15:06:26,2025-01-06 15:42:16
2024-02-01,4.9344,4.935,2024-02-01 14:06:13,2025-01-06 15:42:16
2024-02-02,4.9465,4.9471,2024-02-02 14:40:09,2025-01-06 15:42:16
2024-02-03,5.0047,5.0053,2024-02-05 13:56:02,2025-01-06 15:42:16
2024-02-04,5.0047,5.0053,2024-02-05 13:56:02,2025-01-06 15:42:16
2024-02-05,5.0047,5.0053,2024-02-05 13:56:02,2025-01-06 15:42:16
2024-02-06,4.9681,4.9687,2024-02-06 15:11:48,2025-01-06 15:42:16
2024-02-07,4.9602,4.9608,2024-02-07 14:22:27,2025-01-06 15:42:16
2024-02-08,4.9798,4.9804,2024-02-08 15:58:03,2025-01-06 15:42:16
2024-02-09,4.9711,4.9717,2024-02-09 17:00:17,2025-01-06 15:42:16
2024-02-10,4.9717,4.9723,2024-02-14 16:08:18,2025-01-06 15:42:16
2024-02-11,4.9717,4.9723,2024-02-14 16:08:18,2025-01-06 15:42:16
2024-02-12,4.9717,4.9723,2024-02-14 16:08:18,2025-01-06 15:42:16
2024-02-13,4.9717,4.9723,2024-02-14 16:08:18,2025-01-06 15:42:16
2024-02-14,4.9717,4.9723,2024-02-14 16:08:18,2025-01-06 15:42:16
2024-02-15,4.9704,4.971,2024-02-15 15:48:58,2025-01-06 15:42:16
2024-02-16,4.9755,4.9761,2024-02-16 15:17:16,2025-01-06 15:42:16
2024-02-17,4.9579,4.9585,2024-02-19 16:19:32,2025-01-06 15:42:16
2024-02-18,4.9579,4.9585,2024-02-19 16:19:32,2025-01-06 15:42:16
2024-02-19,4.9579,4.9585,2024-02-19 16:19:32,2025-01-06 15:42:16
2024-02-20,4.9402,4.9408,2024-02-20 16:53:02,2025-01-06 15:42:16
2024-02-21,4.9297,4.9303,2024-02-21 16:55:39,2025-01-06 15:42:16
2024-02-22,4.9413,4.9419,2024-02-22 14:54:54,2025-01-06 15:42:16
2024-02-23,4.9845,4.9851,2024-02-23 15:22:33,2025-01-06 15:42:16
2024-02-24,4.9813,4.9819,2024-02-26 14:20:09,2025-01-06 15:42:16
2024-02-25,4.9813,4.9819,2024-02-26 14:20:09,2025-01-06 15:42:16
2024-02-26,4.9813,4.9819,2024-02-26 14:20:09,2025-01-06 15:42:16
2024-02-27,4.9569,4.9575,2024-02-27 15:46:53,2025-01-06 15:42:16
2024-02-28,4.9551,4.9557,2024-02-28 15:24:17,2025-01-06 15:42:16
2024-02-29,4.9827,4.9833,2024-02-29 14:45:45,2025-01-06 15:42:16
2024-03-01,4.959,4.9596,2024-03-01 16:03:40,2025-01-06 15:42:16
2024-03-02,4.9469,4.9475,2024-03-04 14:42:02,2025-01-06 15:42:16
2024-03-03,4.9469,4.9475,2024-03-04 14:42:02,2025-01-06 15:42:16
2024-03-04,4.9469,4.9475,2024-03-04 14:42:02,2025-01-06 15:42:16
2024-03-05,4.9482,4.9488,2024-03-05 15:43:56,2025-01-06 15:42:16
2024-03-06,4.9392,4.9398,2024-03-06 14:56:03,2025-01-06 15:42:16
2024-03-07,4.9358,4.9364,2024-03-07 15:18:18,2025-01-06 15:42:16
2024-03-08,4.9745,4.9751,2024-03-08 15:00:11,2025-01-06 15:42:16
2024-03-09,4.9771,4.9777,2024-03-11 15:31:13,2025-01-06 15:42:16
2024-03-10,4.9771,4.9777,2024-03-11 15:31:13,2025-01-06 15:42:16
2024-03-11,4.9771,4.9777,2024-03-11 15:31:13,2025-01-06 15:42:16
2024-03-12,4.9807,4.9813,2024-03-12 14:50:50,2025-01-06 15:42:16
2024-03-13,4.9797,4.9803,2024-03-13 15:55:01,2025-01-06 15:42:16
2024-03-14,4.9762,4.9768,2024-03-14 14:45:30,2025-01-06 15:42:16
2024-03-15,4.9931,4.9937,2024-03-15 15:16:04,2025-01-06 15:42:16
2024-03-16,5.0118,5.0124,2024-03-18 14:10:32,2025-01-06 15:42:16
2024-03-17,5.0118,5.0124,2024-03-18 14:10:32,2025-01-06 15:42:16
2024-03-18,5.0118,5.0124,2024-03-18 14:10:32,2025-01-06 15:42:16
2024-03-19,5.0346,5.0352,2024-03-19 15:40:01,2025-01-06 15:42:16
2024-03-20,5.0114,5.012,2024-03-20 13:45:09,2025-01-06 15:42:16
2024-03-21,4.9801,4.9807,2024-03-21 14:36:42,2025-01-06 15:42:16
2024-03-22,4.9891,4.9897,2024-03-22 15:15:23,2025-01-06 15:42:16
2024-03-23,4.9863,4.9869,2024-03-25 16:00:00,2025-01-06 15:42:16
2024-03-24,4.9863,4.9869,2024-03-25 16:00:00,2025-01-06 15:42:16
2024-03-25,4.9863,4.9869,2024-03-25 16:00:00,2025-01-06 15:42:16
2024-03-26,4.9864,4.987,2024-03-26 15:40:45,2025-01-06 15:42:16
2024-03-27,4.985,4.9856,2024-03-27 15:15:35,2025-01-06 15:42:16
2024-03-28,4.9956,4.9962,2024-03-28 14:40:02,2025-01-06 15:42:16
2024-03-29,5.0526,5.0532,2024-04-01 15:50:06,2025-01-06 15:42:16
2024-03-30,5.0526,5.0532,2024-04-01 15:50:06,2025-01-06 15:42:16
2024-03-31,5.0526,5.0532,2024-04-01 15:50:06,2025-01-06 15:42:16
2024-04-01,5.0526,5.0532,2024-04-01 15:50:06,2025-01-06 15:42:16
2024-04-02,5.0469,5.0476,2024-04-02 16:38:13,2025-01-06 15:42:16
2024-04-03,5.0718,5.0724,2024-04-03 15:35:28,2025-01-06 15:42:16
2024-04-04,5.0231,5.0237,2024-04-04 14:45:04,2025-01-06 15:42:16
2024-04-05,5.0514,5.052,2024-04-05 15:55:09,2025-01-06 15:42:16
2024-04-06,5.0415,5.0421,2024-04-08 15:00:05,2025-01-06 15:42:16
2024-04-07,5.0415,5.0421,2024-04-08 15:00:05,2025-01-06 15:42:16
2024-04-08,5.0415,5.0421,2024-04-08 15:00:05,2025-01-06 15:42:16
2024-04-09,5.0074,5.008,2024-04-09 15:50:01,2025-01-06 15:42:16
2024-04-10,5.0648,5.0654,2024-04-10 15:59:06,2025-01-06 15:42:16
2024-04-11,5.0759,5.0765,2024-04-11 14:55:12,2025-01-06 15:42:16
2024-04-12,5.1358,5.1364,2024-04-12 15:00:05,2025-01-06 15:42:16
2024-04-13,5.174,5.1746,2024-04-15 15:59:49,2025-01-06 15:42:16
2024-04-14,5.174,5.1746,2024-04-15 15:59:49,2025-01-06 15:42:16
2024-04-15,5.174,5.1746,2024-04-15 15:59:49,2025-01-06 15:42:16
2024-04-16,5.2628,5.2635,2024-04-16 15:50:06,2025-01-06 15:42:16
2024-04-17,5.2463,5.2469,2024-04-17 16:00:09,2025-01-06 15:42:16
2024-04-18,5.2506,5.2512,2024-04-18 16:00:18,2025-01-06 15:42:16
2024-04-19,5.2263,5.2269,2024-04-19 14:59:03,2025-01-06 15:42:16
2024-04-20,5.2037,5.2043,2024-04-22 16:00:10,2025-01-06 15:42:16
2024-04-21,5.2037,5.2043,2024-04-22 16:00:10,2025-01-06 15:42:16
2024-04-22,5.2037,5.2043,2024-04-22 16:00:10,2025-01-06 15:42:16
2024-04-23,5.162,5.1626,2024-04-23 15:35:21,2025-01-06 15:42:16
2024-04-24,5.1586,5.1592,2024-04-24 14:57:25,2025-01-06 15:42:16
2024-04-25,5.1673,5.1679,2024-04-25 15:16:13,2025-01-06 15:42:16
2024-04-26,5.1178,5.1184,2024-04-26 15:44:48,2025-01-06 15:42:16
2024-04-27,5.1149,5.1155,2024-04-29 13:08:20,2025-01-06 15:42:16
2024-04-28,5.1149,5.1155,2024-04-29 13:08:20,2025-01-06 15:42:16
2024-04-29,5.1149,5.1155,2024-04-29 13:08:20,2025-01-06 15:42:16
2024-04-30,5.1712,5.1718,2024-04-30 13:09:37,2025-01-06 15:42:16
2024-05-01,5.1178,5.1184,2024-05-02 13:07:09,2025-01-06 15:42:16
2024-05-02,5.1178,5.1184,2024-05-02 13:07:09,2025-01-06 15:42:16
2024-05-03,5.0662,5.0668,2024-05-03 13:06:33,2025-01-06 15:42:16
2024-05-04,5.0721,5.0727,2024-05-06 13:06:55,2025-01-06 15:42:16
2024-05-05,5.0721,5.0727,2024-05-06 13:06:55,2025-01-06 15:42:16
2024-05-06,5.0721,5.0727,2024-05-06 13:06:55,2025-01-06 15:42:16
2024-05-07,5.0604,5.061,2024-05-07 13:05:59,2025-01-06 15:42:16
2024-05-08,5.0881,5.0887,2024-05-08 13:07:29,2025-01-06 15:42:16
2024-05-09,5.1571,5.1577,2024-05-09 13:07:40,2025-01-06 15:42:16
2024-05-10,5.1458,5.1464,2024-05-10 13:04:52,2025-01-06 15:42:16
2024-05-11,5.1406,5.1412,2024-05-13 13:11:29,2025-01-06 15:42:16
2024-05-12,5.1406,5.1412,2024-05-13 13:11:29,2025-01-06 15:42:16
2024-05-13,5.1406,5.1412,2024-05-13 13:11:29,2025-01-06 15:42:16
2024-05-14,5.135,5.1356,2024-05-14 13:04:30,2025-01-06 15:42:16
2024-05-15,5.1417,5.1423,2024-05-15 13:06:32,2025-01-06 15:42:16
2024-05-16,5.1264,5.127,2024-05-16 13:09:44,2025-01-06 15:42:16
2024-05-17,5.1151,5.1157,2024-05-17 13:10:28,2025-01-06 15:42:16
2024-05-18,5.1079,5.1085,2024-05-20 13:07:32,2025-01-06 15:42:16
2024-05-19,5.1079,5.1085,2024-05-20 13:07:32,2025-01-06 15:42:16
2024-05-20,5.1079,5.1085,2024-05-20 13:07:32,2025-01-06 15:42:16
2024-05-21,5.1031,5.1037,2024-05-21 13:06:29,2025-01-06 15:42:16
2024-05-22,5.1496,5.1502,2024-05-22 13:05:28,2025-01-06 15:42:16
2024-05-23,5.1437,5.1443,2024-05-23 13:03:33,2025-01-06 15:42:16
2024-05-24,5.1502,5.1508,2024-05-24 13:07:40,2025-01-06 15:42:16
2024-05-25,5.1698,5.1704,2024-05-27 13:15:28,2025-01-06 15:42:16
2024-05-26,5.1698,5.1704,2024-05-27 13:15:28,2025-01-06 15:42:16
2024-05-27,5.1698,5.1704,2024-05-27 13:15:28,2025-01-06 15:42:16
2024-05-28,5.1532,5.1538,2024-05-28 13:11:46,2025-01-06 15:42:16
2024-05-29,5.1966,5.1972,2024-05-29 13:07:36,2025-01-06 15:42:16
2024-05-30,5.241,5.2416,2024-05-31 13:03:45,2025-01-06 15:42:16
2024-05-31,5.241,5.2416,2024-05-31 13:03:45,2025-01-06 15:42:16
2024-06-01,5.2367,5.2373,2024-06-03 13:11:47,2025-01-06 15:42:16
2024-06-02,5.2367,5.2373,2024-06-03 13:11:47,2025-01-06 15:42:16
2024-06-03,5.2367,5.2373,2024-06-03 13:11:47,2025-01-06 15:42:16
2024-06-04,5.2681,5.2687,2024-06-04 13:02:40,2025-01-06 15:42:16
2024-06-05,5.2835,5.2841,2024-06-05 13:07:32,2025-01-06 15:42:16
2024-06-06,5.2675,5.2681,2024-06-06 13:10:31,2025-01-06 15:42:16
2024-06-07,5.2796,5.2802,2024-06-07 13:04:53,2025-01-06 15:42:16
2024-06-08,5.366,5.3666,2024-06-10 13:09:35,2025-01-06 15:42:16
2024-06-09,5.366,5.3666,2024-06-10 13:09:35,2025-01-06 15:42:16
2024-06-10,5.366,5.3666,2024-06-10 13:09:35,2025-01-06 15:42:16
2024-06-11,5.3519,5.3524,2024-06-11 13:08:34,2025-01-06 15:42:16
2024-06-12,5.3885,5.3891,2024-06-12 13:11:32,2025-01-06 15:42:16
2024-06-13,5.3968,5.3974,2024-06-13 13:11:06,2025-01-06 15:42:16
2024-06-14,5.3624,5.363,2024-06-14 13:06:31,2025-01-06 15:42:16
2024-06-15,5.4124,5.413,2024-06-17 13:10:32,2025-01-06 15:42:16
2024-06-16,5.4124,5.413,2024-06-17 13:10:32,2025-01-06 15:42:16
2024-06-17,5.4124,5.413,2024-06-17 13:10:32,2025-01-06 15:42:16
2024-06-18,5.4068,5.4074,2024-06-18 13:07:40,2025-01-06 15:42:16
2024-06-19,5.4641,5.4647,2024-06-19 13:09:27,2025-01-06 15:42:16
2024-06-20,5.4248,5.4254,2024-06-20 13:02:51,2025-01-06 15:42:16
2024-06-21,5.441,5.4416,2024-06-21 13:05:36,2025-01-06 15:42:16
2024-06-22,5.3994,5.4,2024-06-24 13:10:29,2025-01-06 15:42:16
2024-06-23,5.3994,5.4,2024-06-24 13:10:29,2025-01-06 15:42:16
2024-06-24,5.3994,5.4,2024-06-24 13:10:29,2025-01-06 15:42:16
2024-06-25,5.4283,5.429,2024-06-25 13:11:31,2025-01-06 15:42:16
2024-06-26,5.5091,5.5097,2024-06-26 13:10:43,2025-01-06 15:42:16
2024-06-27,5.5223,5.5229,2024-06-27 13:02:38,2025-01-06 15:42:16
2024-06-28,5.5583,5.5589,2024-06-28 13:08:04,2025-01-06 15:42:16
2024-06-29,5.5887,5.5893,2024-07-01 13:03:57,2025-01-06 15:42:16
2024-06-30,5.5887,5.5893,2024-07-01 13:03:57,2025-01-06 15:42:16
2024-07-01,5.5887,5.5893,2024-07-01 13:03:57,2025-01-06 15:42:16
2024-07-02,5.6671,5.6677,2024-07-02 13:08:31,2025-01-06 15:42:16
2024-07-03,5.5857,5.5863,2024-07-03 13:10:34,2025-01-06 15:42:16
2024-07-04,5.4833,5.4839,2024-07-04 13:04:34,2025-01-06 15:42:16
2024-07-05,5.4964,5.497,2024-07-05 13:03:27,2025-01-06 15:42:16
2024-07-06,5.4714,5.472,2024-07-08 13:03:31,2025-01-06 15:42:16
2024-07-07,5.4714,5.472,2024-07-08 13:03:31,2025-01-06 15:42:16
2024-07-08,5.4714,5.472,2024-07-08 13:03:31,2025-01-06 15:42:16
2024-07-09,5.4381,5.4387,2024-07-09 13:08:29,2025-01-06 15:42:16
2024-07-10,5.3961,5.3967,2024-07-10 13:10:36,2025-01-06 15:42:16
2024-07-11,5.4094,5.41,2024-07-11 13:07:31,2025-01-06 15:42:16
2024-07-12,5.4523,5.4529,2024-07-12 13:11:28,2025-01-06 15:42:16
2024-07-13,5.4557,5.4563,2024-07-15 13:08:31,2025-01-06 15:42:16
2024-07-14,5.4557,5.4563,2024-07-15 13:08:31,2025-01-06 15:42:16
2024-07-15,5.4557,5.4563,2024-07-15 13:08:31,2025-01-06 15:42:16
2024-07-16,5.4268,5.4274,2024-07-16 13:02:29,2025-01-06 15:42:16
2024-07-17,5.4664,5.467,2024-07-17 13:07:51,2025-01-06 15:42:16
2024-07-18,5.542,5.5426,2024-07-18 13:06:33,2025-01-06 15:42:16
2024-07-19,5.5537,5.5543,2024-07-19 13:08:27,2025-01-06 15:42:16
2024-07-20,5.5592,5.5598,2024-07-22 13:02:41,2025-01-06 15:42:16
2024-07-21,5.5592,5.5598,2024-07-22 13:02:41,2025-01-06 15:42:16
2024-07-22,5.5592,5.5598,2024-07-22 13:02:41,2025-01-06 15:42:16
2024-07-23,5.5801,5.5807,2024-07-23 13:07:28,2025-01-06 15:42:16
2024-07-24,5.634,5.6346,2024-07-24 13:10:32,2025-01-06 15:42:16
2024-07-25,5.6396,5.6402,2024-07-25 13:02:31,2025-01-06 15:42:16
2024-07-26,5.6459,5.6465,2024-07-26 13:08:45,2025-01-06 15:42:16
2024-07-27,5.6473,5.6479,2024-07-29 13:08:38,2025-01-06 15:42:16
2024-07-28,5.6473,5.6479,2024-07-29 13:08:38,2025-01-06 15:42:16
2024-07-29,5.6473,5.6479,2024-07-29 13:08:38,2025-01-06 15:42:16
2024-07-30,5.6526,5.6532,2024-07-30 13:05:29,2025-01-06 15:42:16
2024-07-31,5.6615,5.6621,2024-07-31 13:06:27,2025-01-06 15:42:16
2024-08-01,5.6675,5.6681,2024-08-01 13:04:45,2025-01-06 15:42:16
2024-08-02,5.736,5.7366,2024-08-02 13:08:25,2025-01-06 15:42:16
2024-08-03,5.764,5.7646,2024-08-05 13:04:30,2025-01-06 15:42:16
2024-08-04,5.764,5.7646,2024-08-05 13:04:30,2025-01-06 15:42:16
2024-08-05,5.764,5.7646,2024-08-05 13:04:30,2025-01-06 15:42:16
2024-08-06,5.6522,5.6528,2024-08-06 13:07:56,2025-01-06 15:42:16
2024-08-07,5.6087,5.6093,2024-08-07 13:11:35,2025-01-06 15:42:16
2024-08-08,5.6166,5.6172,2024-08-08 13:05:28,2025-01-06 15:42:16
2024-08-09,5.5109,5.5115,2024-08-09 13:03:28,2025-01-06 15:42:16
2024-08-10,5.4905,5.4911,2024-08-12 13:02:28,2025-01-06 15:42:16
2024-08-11,5.4905,5.4911,2024-08-12 13:02:28,2025-01-06 15:42:16
2024-08-12,5.4905,5.4911,2024-08-12 13:02:28,2025-01-06 15:42:16
2024-08-13,5.4869,5.4875,2024-08-13 13:09:28,2025-01-06 15:42:16
2024-08-14,5.4496,5.4502,2024-08-14 13:08:26,2025-01-06 15:42:16
2024-08-15,5.4645,5.4651,2024-08-15 13:11:27,2025-01-06 15:42:16
2024-08-16,5.4626,5.4632,2024-08-16 13:05:26,2025-01-06 15:42:16
2024-08-17,5.4231,5.4237,2024-08-19 13:10:28,2025-01-06 15:42:16
2024-08-18,5.4231,5.4237,2024-08-19 13:10:28,2025-01-06 15:42:16
2024-08-19,5.4231,5.4237,2024-08-19 13:10:28,2025-01-06 15:42:16
2024-08-20,5.4541,5.4547,2024-08-20 13:05:29,2025-01-06 15:42:16
2024-08-21,5.4701,5.4707,2024-08-21 13:07:29,2025-01-06 15:42:16
2024-08-22,5.5518,5.5524,2024-08-22 13:09:28,2025-01-06 15:42:16
2024-08-23,5.5257,5.5263,2024-08-23 13:11:28,2025-01-06 15:42:16
2024-08-24,5.4915,5.4921,2024-08-26 13:12:40,2025-01-06 15:42:16
2024-08-25,5.4915,5.4921,2024-08-26 13:12:40,2025-01-06 15:42:16
2024-08-26,5.4915,5.4921,2024-08-26 13:12:40,2025-01-06 15:42:16
2024-08-27,5.4963,5.4969,2024-08-27 13:06:27,2025-01-06 15:42:16
2024-08-28,5.5309,5.5315,2024-08-28 13:11:27,2025-01-06 15:42:16
2024-08-29,5.6352,5.6358,2024-08-29 13:06:29,2025-01-06 15:42:16
2024-08-30,5.6556,5.6562,2024-08-30 13:03:31,2025-01-06 15:42:16
2024-08-31,5.6224,5.623,2024-09-02 13:08:26,2025-01-06 15:42:16
2024-09-01,5.6224,5.623,2024-09-02 13:08:26,2025-01-06 15:42:16
2024-09-02,5.6224,5.623,2024-09-02 13:08:26,2025-01-06 15:42:16
2024-09-03,5.6218,5.6224,2024-09-03 13:09:53,2025-01-06 15:42:16
2024-09-04,5.6353,5.6359,2024-09-04 13:10:25,2025-01-06 15:42:16
2024-09-05,5.6043,5.6049,2024-09-05 13:08:11,2025-01-06 15:42:16
2024-09-06,5.5696,5.5702,2024-09-06 13:05:28,2025-01-06 15:42:16
2024-09-07,5.6091,5.6097,2024-09-09 13:05:33,2025-01-06 15:42:16
2024-09-08,5.6091,5.6097,2024-09-09 13:05:33,2025-01-06 15:42:16
2024-09-09,5.6091,5.6097,2024-09-09 13:05:33,2025-01-06 15:42:16
2024-09-10,5.6248,5.6254,2024-09-10 13:10:31,2025-01-06 15:42:16
2024-09-11,5.6381,5.6387,2024-09-11 14:59:41,2025-01-06 15:42:16
2024-09-12,5.6548,5.6554,2024-09-12 13:09:32,2025-01-06 15:42:16
2024-09-13,5.5711,5.5717,2024-09-13 13:06:29,2025-01-06 15:42:16
2024-09-14,5.5201,5.5207,2024-09-16 13:02:31,2025-01-06 15:42:16
2024-09-15,5.5201,5.5207,2024-09-16 13:02:31,2025-01-06 15:42:16
2024-09-16,5.5201,5.5207,2024-09-16 13:02:31,2025-01-06 15:42:16
2024-09-17,5.5004,5.501,2024-09-17 13:03:32,2025-01-06 15:42:16
2024-09-18,5.4761,5.4767,2024-09-18 13:11:29,2025-01-06 15:42:16
2024-09-19,5.4183,5.4189,2024-09-19 13:07:27,2025-01-06 15:42:16
2024-09-20,5.4769,5.4775,2024-09-20 13:02:38,2025-01-06 15:42:16
2024-09-21,5.544,5.5446,2024-09-23 13:04:14,2025-01-06 15:42:16
2024-09-22,5.544,5.5446,2024-09-23 13:04:14,2025-01-06 15:42:16
2024-09-23,5.544,5.5446,2024-09-23 13:04:14,2025-01-06 15:42:16
2024-09-24,5.4696,5.4702,2024-09-24 13:08:32,2025-01-06 15:42:16
2024-09-25,5.473,5.4736,2024-09-25 13:11:28,2025-01-06 15:42:16
2024-09-26,5.4406,5.4412,2024-09-26 13:09:31,2025-01-06 15:42:16
2024-09-27,5.4425,5.4431,2024-09-27 13:12:31,2025-01-06 15:42:16
2024-09-28,5.4475,5.4481,2024-09-30 13:08:57,2025-01-06 15:42:16
2024-09-29,5.4475,5.4481,2024-09-30 13:08:57,2025-01-06 15:42:16
2024-09-30,5.4475,5.4481,2024-09-30 13:08:57,2025-01-06 15:42:16
2024-10-01,5.4515,5.4521,2024-10-01 13:10:02,2025-01-06 15:42:16
2024-10-02,5.4299,5.4305,2024-10-02 13:13:14,2025-01-06 15:42:16
2024-10-03,5.4844,5.485,2024-10-03 13:06:31,2025-01-06 15:42:16
2024-10-04,5.468,5.4686,2024-10-04 13:11:35,2025-01-06 15:42:16
2024-10-05,5.462,5.4626,2024-10-07 13:04:28,2025-01-06 15:42:16
2024-10-06,5.462,5.4626,2024-10-07 13:04:28,2025-01-06 15:42:16
2024-10-07,5.462,5.4626,2024-10-07 13:04:28,2025-01-06 15:42:16
2024-10-08,5.5191,5.5197,2024-10-08 13:11:40,2025-01-06 15:42:16
2024-10-09,5.5731,5.5737,2024-10-09 13:09:40,2025-01-06 15:42:16
2024-10-10,5.5813,5.5819,2024-10-10 13:13:44,2025-01-06 15:42:16
2024-10-11,5.6257,5.6263,2024-10-11 13:04:30,2025-01-06 15:42:16
2024-10-12,5.6039,5.6045,2024-10-14 13:09:27,2025-01-06 15:42:16
2024-10-13,5.6039,5.6045,2024-10-14 13:09:27,2025-01-06 15:42:16
2024-10-14,5.6039,5.6045,2024-10-14 13:09:27,2025-01-06 15:42:16
2024-10-15,5.6372,5.6378,2024-10-15 13:06:27,2025-01-06 15:42:16
2024-10-16,5.6743,5.6749,2024-10-16 13:02:28,2025-01-06 15:42:16
2024-10-17,5.6752,5.6758,2024-10-17 13:03:30,2025-01-06 15:42:16
2024-10-18,5.6666,5.6672,2024-10-18 13:11:27,2025-01-06 15:42:16
2024-10-19,5.7062,5.7068,2024-10-21 13:03:32,2025-01-06 15:42:16
2024-10-20,5.7062,5.7068,2024-10-21 13:03:32,2025-01-06 15:42:16
2024-10-21,5.7062,5.7068,2024-10-21 13:03:32,2025-01-06 15:42:16
2024-10-22,5.6952,5.6958,2024-10-22 13:06:30,2025-01-06 15:42:16
2024-10-23,5.7143,5.7149,2024-10-23 13:03:29,2025-01-06 15:42:16
2024-10-24,5.7081,5.7087,2024-10-24 13:07:25,2025-01-06 15:42:16
2024-10-25,5.6963,5.6969,2024-10-25 13:11:30,2025-01-06 15:42:16
2024-10-26,5.6982,5.6988,2024-10-28 13:02:32,2025-01-06 15:42:16
2024-10-27,5.6982,5.6988,2024-10-28 13:02:32,2025-01-06 15:42:16
2024-10-28,5.6982,5.6988,2024-10-28 13:02:32,2025-01-06 15:42:16
2024-10-29,5.7134,5.714,2024-10-29 13:09:32,2025-01-06 15:42:16
2024-10-30,5.7795,5.7801,2024-10-30 13:05:35,2025-01-06 15:42:16
2024-10-31,5.7773,5.7779,2024-10-31 13:09:27,2025-01-06 15:42:16
2024-11-01,5.8067,5.8073,2024-11-01 13:03:27,2025-01-06 15:42:16
2024-11-02,5.7892,5.7898,2024-11-04 13:02:46,2025-01-06 15:42:16
2024-11-03,5.7892,5.7898,2024-11-04 13:02:46,2025-01-06 15:42:16
2024-11-04,5.7892,5.7898,2024-11-04 13:02:46,2025-01-06 15:42:16
2024-11-05,5.784,5.7846,2024-11-05 13:08:29,2025-01-06 15:42:16
2024-11-06,5.7642,5.7648,2024-11-06 13:03:27,2025-01-06 15:42:16
2024-11-07,5.6618,5.6624,2024-11-07 13:02:27,2025-01-06 15:42:16
2024-11-08,5.7642,5.7648,2024-11-08 13:05:28,2025-01-06 15:42:16
2024-11-09,5.7974,5.798,2024-11-11 13:02:29,2025-01-06 15:42:16
2024-11-10,5.7974,5.798,2024-11-11 13:02:29,2025-01-06 15:42:16
2024-11-11,5.7974,5.798,2024-11-11 13:02:29,2025-01-06 15:42:16
2024-11-12,5.7688,5.7694,2024-11-12 13:06:27,2025-01-06 15:42:16
2024-11-13,5.7707,5.7713,2024-11-13 13:02:28,2025-01-06 15:42:16
2024-11-14,5.7879,5.7885,2024-11-14 13:06:28,2025-01-06 15:42:16
2024-11-15,5.7597,5.7603,2024-11-18 13:10:28,2025-01-06 15:42:16
2024-11-16,5.7597,5.7603,2024-11-18 13:10:28,2025-01-06 15:42:16
2024-11-17,5.7597,5.7603,2024-11-18 13:10:28,2025-01-06 15:42:16
2024-11-18,5.7597,5.7603,2024-11-18 13:10:28,2025-01-06 15:42:16
2024-11-19,5.7737,5.7743,2024-11-19 13:06:31,2025-01-06 15:42:16
2024-11-20,5.8167,5.8173,2024-11-21 13:11:27,2025-01-06 15:42:16
2024-11-21,5.8167,5.8173,2024-11-21 13:11:27,2025-01-06 15:42:16
2024-11-22,5.8118,5.8124,2024-11-22 13:09:34,2025-01-06 15:42:16
2024-11-23,5.7996,5.8002,2024-11-25 13:08:26,2025-01-06 15:42:16
2024-11-24,5.7996,5.8002,2024-11-25 13:08:26,2025-01-06 15:42:16
2024-11-25,5.7996,5.8002,2024-11-25 13:08:26,2025-01-06 15:42:16
2024-11-26,5.7984,5.799,2024-11-26 13:12:53,2025-01-06 15:42:16
2024-11-27,5.8285,5.8291,2024-11-27 13:02:27,2025-01-06 15:42:16
2024-11-28,5.9865,5.9871,2024-11-28 13:05:32,2025-01-06 15:42:16
2024-11-29,6.0529,6.0535,2024-11-29 13:07:34,2025-01-06 15:42:16
2024-11-30,6.0628,6.0634,2024-12-02 13:08:27,2025-01-06 15:42:16
2024-12-01,6.0628,6.0634,2024-12-02 13:08:27,2025-01-06 15:42:16
2024-12-02,6.0628,6.0634,2024-12-02 13:08:27,2025-01-06 15:42:16
2024-12-03,6.0701,6.0707,2024-12-03 13:06:28,2025-01-06 15:42:16
2024-12-04,6.0575,6.0581,2024-12-04 13:02:28,2025-01-06 15:42:16
2024-12-05,5.9843,5.9849,2024-12-05 13:06:30,2025-01-06 15:42:16
2024-12-06,6.0287,6.0293,2024-12-06 13:07:27,2025-01-06 15:42:16
2024-12-07,6.0564,6.057,2024-12-09 13:10:28,2025-01-06 15:42:16
2024-12-08,6.0564,6.057,2024-12-09 13:10:28,2025-01-06 15:42:16
2024-12-09,6.0564,6.057,2024-12-09 13:10:28,2025-01-06 15:42:16
2024-12-10,6.0523,6.0529,2024-12-10 13:11:51,2025-01-06 15:42:16
2024-12-11,6.0314,6.032,2024-12-11 13:05:29,2025-01-06 15:42:16
2024-12-12,5.9402,5.9408,2024-12-12 13:10:28,2025-01-06 15:42:16
2024-12-13,6.0394,6.04,2024-12-13 13:11:29,2025-01-06 15:42:16
2024-12-14,6.0504,6.0509,2024-12-16 13:11:37,2025-01-06 15:42:16
2024-12-15,6.0504,6.0509,2024-12-16 13:11:37,2025-01-06 15:42:16
2024-12-16,6.0504,6.0509,2024-12-16 13:11:37,2025-01-06 15:42:16
2024-12-17,6.1679,6.1685,2024-12-17 13:02:29,2025-01-06 15:42:16
2024-12-18,6.1618,6.1624,2024-12-18 13:05:29,2025-01-06 15:42:16
2024-12-19,6.1835,6.1841,2024-12-19 13:03:32,2025-01-06 15:42:16
2024-12-20,6.0774,6.078,2024-12-20 13:08:36,2025-01-06 15:42:16
2024-12-21,6.1606,6.1612,2024-12-23 13:03:27,2025-01-06 15:42:16
2024-12-22,6.1606,6.1612,2024-12-23 13:03:27,2025-01-06 15:42:16
2024-12-23,6.1606,6.1612,2024-12-23 13:03:27,2025-01-06 15:42:16
2024-12-24,6.1527,6.1541,2024-12-24 11:10:05,2025-01-06 15:42:16
2024-12-25,6.165,6.1656,2024-12-26 13:09:30,2025-01-06 15:42:16
2024-12-26,6.165,6.1656,2024-12-26 13:09:30,2025-01-06 15:42:16
2024-12-27,6.1985,6.1991,2024-12-27 13:03:30,2025-01-06 15:42:16
2024-12-28,6.1917,6.1923,2024-12-30 13:06:26,2025-01-06 15:42:16
2024-12-29,6.1917,6.1923,2024-12-30 13:06:26,2025-01-06 15:42:16
2024-12-30,6.1917,6.1923,2024-12-30 13:06:26,2025-01-06 15:42:16
2024-12-31,6.1917,6.1923,2024-12-31 10:04:09,2025-01-06 15:42:16
2025-01-01,6.208,6.2086,2025-01-02 13:09:42,2025-01-06 15:42:16
2025-01-02,6.208,6.2086,2025-01-02 13:09:42,2025-01-06 15:42:16
2025-01-03,6.1557,6.1563,2025-01-03 13:07:30,2025-01-06 15:42:16
2025-01-04,6.1113,6.1119,2025-01-06 13:06:28,2025-01-06 15:42:16
2025-01-05,6.1113,6.1119,2025-01-06 13:06:28,2025-01-06 15:42:16
2025-01-06,6.1113,6.1119,2025-01-06 13:06:28,2025-01-06 15:42:16
2025-01-07,6.0735,6.0741,2025-01-07 13:03:28,2025-01-06 15:42:16
2025-01-08,6.1315,6.1321,2025-01-08 13:08:59,2025-01-06 15:42:16
2025-01-09,6.089,6.0896,2025-01-09 13:03:27,2025-01-06 15:42:16
2025-01-10,6.0959,6.0965,2025-01-10 13:04:30,2025-01-06 15:42:16
2025-01-11,6.1073,6.1079,2025-01-13 13:03:30,2025-01-06 15:42:16
2025-01-12,6.1073,6.1079,2025-01-13 13:03:30,2025-01-06 15:42:16
2025-01-13,6.1073,6.1079,2025-01-13 13:03:30,2025-01-06 15:42:16
2025-01-14,6.0665,6.0671,2025-01-14 13:07:27,2025-01-06 15:42:16
2025-01-15,6.0371,6.0377,2025-01-15 13:06:07,2025-01-06 15:42:16
2025-01-16,6.0316,6.0322,2025-01-16 13:06:28,2025-01-06 15:42:16
2025-01-17,6.0603,6.0609,2025-01-17 13:11:29,2025-01-06 15:42:16
2025-01-18,6.0492,6.0498,2025-01-20 13:07:31,2025-01-06 15:42:16
2025-01-19,6.0492,6.0498,2025-01-20 13:07:31,2025-01-06 15:42:16
2025-01-20,6.0492,6.0498,2025-01-20 13:07:31,2025-01-06 15:42:16
2025-01-21,6.0434,6.044,2025-01-21 13:11:47,2025-01-06 15:42:16
2025-01-22,5.9668,5.9674,2025-01-22 13:03:29,2025-01-06 15:42:16
2025-01-23,5.9393,5.9399,2025-01-23 13:08:28,2025-01-06 15:42:16
2025-01-24,5.8919,5.8925,2025-01-24 13:03:26,2025-01-06 15:42:16
2025-01-25,5.9266,5.9272,2025-01-27 13:07:48,2025-01-06 15:42:16
2025-01-26,5.9266,5.9272,2025-01-27 13:07:48,2025-01-06 15:42:16
2025-01-27,5.9266,5.9272,2025-01-27 13:07:48,2025-01-06 15:42:16
2025-01-28,5.8924,5.893,2025-01-28 13:08:29,2025-01-06 15:42:16
2025-01-29,5.859,5.8596,2025-01-29 13:06:27,2025-01-06 15:42:16
2025-01-30,5.9,5.9006,2025-01-30 13:10:28,2025-01-06 15:42:16
2025-01-31,5.8295,5.8301,2025-01-31 13:03:54,2025-01-06 15:42:16
2025-02-01,5.8681,5.8687,2025-02-03 13:06:26,2025-01-06 15:42:16
2025-02-02,5.8681,5.8687,2025-02-03 13:06:26,2025-01-06 15:42:16
2025-02-03,5.8681,5.8687,2025-02-03 13:06:26,2025-01-06 15:42:16
2025-02-04,5.7921,5.7927,2025-02-04 13:05:40,2025-01-06 15:42:16
2025-02-05,5.7991,5.7997,2025-02-05 13:11:27,2025-01-06 15:42:16
2025-02-06,5.785,5.7856,2025-02-06 13:08:27,2025-01-06 15:42:16
2025-02-07,5.7551,5.7557,2025-02-07 13:10:30,2025-01-06 15:42:16
2025-02-08,5.7802,5.7808,2025-02-10 13:11:28,2025-01-06 15:42:16
2025-02-09,5.7802,5.7808,2025-02-10 13:11:28,2025-01-06 15:42:16
2025-02-10,5.7802,5.7808,2025-02-10 13:11:28,2025-01-06 15:42:16
2025-02-11,5.7782,5.7788,2025-02-11 13:06:28,2025-01-06 15:42:16
2025-02-12,5.7705,5.7711,2025-02-12 13:02:27,2025-01-06 15:42:16
2025-02-13,5.7782,5.7788,2025-02-13 13:03:25,2025-01-06 15:42:16
2025-02-14,5.7277,5.7283,2025-02-14 13:11:25,2025-01-06 15:42:16
2025-02-15,5.7099,5.7105,2025-02-17 13:07:25,2025-01-06 15:42:16
2025-02-16,5.7099,5.7105,2025-02-17 13:07:25,2025-01-06 15:42:16
2025-02-17,5.7099,5.7105,2025-02-17 13:07:25,2025-01-06 15:42:16
2025-02-18,5.6973,5.6979,2025-02-18 13:09:27,2025-01-06 15:42:16
2025-02-19,5.7081,5.7087,2025-02-19 13:07:31,2025-01-06 15:42:16
2025-02-20,5.7013,5.7019,2025-02-20 13:11:27,2025-01-06 15:42:16
2025-02-21,5.7021,5.7027,2025-02-21 13:02:27,2025-01-06 15:42:16
2025-02-22,5.7252,5.7258,2025-02-24 13:06:26,2025-01-06 15:42:16
2025-02-23,5.7252,5.7258,2025-02-24 13:06:26,2025-01-06 15:42:16
2025-02-24,5.7252,5.7258,2025-02-24 13:06:26,2025-01-06 15:42:16
2025-02-25,5.7773,5.7779,2025-02-25 13:08:29,2025-01-06 15:42:16
2025-02-26,5.7751,5.7757,2025-02-26 13:06:28,2025-01-06 15:42:16
2025-02-27,5.8222,5.8228,2025-02-27 13:02:27,2025-01-06 15:42:16
2025-02-28,5.8482,5.8488,2025-02-28 13:04:29,2025-01-06 15:42:16
2025-03-01,5.7908,5.7914,2025-03-05 15:36:28,2025-01-06 15:42:16
2025-03-02,5.7908,5.7914,2025-03-05 15:36:28,2025-01-06 15:42:16
2025-03-03,5.7908,5.7914,2025-03-05 15:36:28,2025-01-06 15:42:16
2025-03-04,5.7908,5.7914,2025-03-05 15:36:28,2025-01-06 15:42:16
2025-03-05,5.7908,5.7914,2025-03-05 15:36:28,2025-01-06 15:42:16
2025-03-06,5.7483,5.7489,2025-03-06 13:11:00,2025-01-06 15:42:16
2025-03-07,5.7682,5.7688,2025-03-07 13:08:41,2025-01-06 15:42:16
2025-03-08,5.7924,5.793,2025-03-10 13:03:01,2025-01-06 15:42:16
2025-03-09,5.7924,5.793,2025-03-10 13:03:01,2025-01-06 15:42:16
2025-03-10,5.7924,5.793,2025-03-10 13:03:01,2025-01-06 15:42:16
2025-03-11,5.8341,5.8346,2025-03-11 13:05:28,2025-01-06 15:42:16
2025-03-12,5.8262,5.8268,2025-03-12 13:08:28,2025-01-06 15:42:16
2025-03-13,5.8125,5.8131,2025-03-13 13:03:28,2025-01-06 15:42:16
2025-03-14,5.7413,5.7419,2025-03-14 13:06:19,2025-01-06 15:42:16
2025-03-15,5.7076,5.7082,2025-03-17 13:11:28,2025-01-06 15:42:16
2025-03-16,5.7076,5.7082,2025-03-17 13:11:28,2025-01-06 15:42:16
2025-03-17,5.7076,5.7082,2025-03-17 13:11:28,2025-01-06 15:42:16
2025-03-18,5.6846,5.6852,2025-03-18 13:05:31,2025-01-06 15:42:16
2025-03-19,5.6651,5.6657,2025-03-19 13:08:27,2025-01-06 15:42:16
2025-03-20,5.6622,5.6628,2025-03-20 13:05:28,2025-01-06 15:42:16
2025-03-21,5.7235,5.7241,2025-03-21 13:03:25,2025-01-06 15:42:16
2025-03-22,5.7397,5.7403,2025-03-24 13:06:25,2025-01-06 15:42:16
2025-03-23,5.7397,5.7403,2025-03-24 13:06:25,2025-01-06 15:42:16
2025-03-24,5.7397,5.7403,2025-03-24 13:06:25,2025-01-06 15:42:16
2025-03-25,5.6986,5.6992,2025-03-25 13:04:31,2025-01-06 15:42:16
2025-03-26,5.7292,5.7298,2025-03-26 13:05:51,2025-01-06 15:42:16
2025-03-27,5.7468,5.7474,2025-03-27 13:04:05,2025-01-06 15:42:16
2025-03-28,5.7654,5.766,2025-03-28 13:02:32,2025-01-06 15:42:16
2025-03-29,5.7416,5.7422,2025-03-31 13:11:27,2025-01-06 15:42:16
2025-03-30,5.7416,5.7422,2025-03-31 13:11:27,2025-01-06 15:42:16
2025-03-31,5.7416,5.7422,2025-03-31 13:11:27,2025-01-06 15:42:16
2025-04-01,5.7045,5.7051,2025-04-01 13:07:29,2025-01-06 15:42:16
2025-04-02,5.6918,5.6923,2025-04-02 13:02:29,2025-01-06 15:42:16
2025-04-03,5.6062,5.6067,2025-04-03 13:03:27,2025-01-06 15:42:16
2025-04-04,5.7771,5.7777,2025-04-04 13:07:28,2025-01-06 15:42:16
2025-04-05,5.8871,5.8877,2025-04-07 13:09:28,2025-01-06 15:42:16
2025-04-06,5.8871,5.8877,2025-04-07 13:09:28,2025-01-06 15:42:16
2025-04-07,5.8871,5.8877,2025-04-07 13:09:28,2025-01-06 15:42:16
2025-04-08,5.9362,5.9368,2025-04-08 13:04:41,2025-01-06 15:42:16
2025-04-09,6.0599,6.0605,2025-04-09 13:06:01,2025-01-06 15:42:16
2025-04-10,5.9109,5.9115,2025-04-10 13:09:27,2025-01-06 15:42:16
2025-04-11,5.8731,5.8737,2025-04-11 13:08:27,2025-01-06 15:42:16
2025-04-12,5.8419,5.8425,2025-04-14 13:09:48,2025-01-06 15:42:16
2025-04-13,5.8419,5.8425,2025-04-14 13:09:48,2025-01-06 15:42:16
2025-04-14,5.8419,5.8425,2025-04-14 13:09:48,2025-01-06 15:42:16
2025-04-15,5.8701,5.8707,2025-04-15 13:07:27,2025-01-06 15:42:16
2025-04-16,5.8802,5.8808,2025-04-16 13:10:28,2025-01-06 15:42:16
2025-04-17,5.8553,5.8559,2025-04-17 13:11:49,2025-01-06 15:42:16
2025-04-18,5.749,5.7496,2025-04-22 13:09:35,2025-01-06 15:42:16
2025-04-19,5.749,5.7496,2025-04-22 13:09:35,2025-01-06 15:42:16
2025-04-20,5.749,5.7496,2025-04-22 13:09:35,2025-01-06 15:42:16
2025-04-21,5.749,5.7496,2025-04-22 13:09:35,2025-01-06 15:42:16
2025-04-22,5.749,5.7496,2025-04-22 13:09:35,2025-01-06 15:42:16
2025-04-23,5.6874,5.688,2025-04-23 13:06:30,2025-01-06 15:42:16
2025-04-23,5.6874,5.688,2025-04-23 13:06:30,2025-01-06 15:42:16
2025-04-24,5.6732,5.6738,2025-04-24 13:04:29,2025-01-06 15:42:16
2025-04-25,5.684,5.6846,2025-04-25 13:09:26,2025-01-06 15:42:16
2025-04-26,5.6675,5.6681,2025-04-28 13:04:26,2025-01-06 15:42:16
2025-04-27,5.6675,5.6681,2025-04-28 13:04:26,2025-01-06 15:42:16
2025-04-28,5.6675,5.6681,2025-04-28 13:04:26,2025-01-06 15:42:16
2025-04-29,5.6461,5.6467,2025-04-29 13:05:29,2025-01-06 15:42:16
2025-04-30,5.6602,5.6608,2025-04-30 13:11:27,2025-01-06 15:42:16
2025-05-01,5.6388,5.6394,2025-05-02 13:10:27,2025-01-06 15:42:16
2025-05-02,5.6388,5.6394,2025-05-02 13:10:27,2025-01-06 15:42:16
2025-05-03,5.6514,5.652,2025-05-05 13:09:28,2025-01-06 15:42:16
2025-05-04,5.6514,5.652,2025-05-05 13:09:28,2025-01-06 15:42:16
2025-05-05,5.6514,5.652,2025-05-05 13:09:28,2025-01-06 15:42:16
2025-05-06,5.7204,5.721,2025-05-06 13:03:25,2025-01-06 15:42:16
2025-05-07,5.7368,5.7375,2025-05-07 13:09:26,2025-01-06 15:42:16
2025-05-08,5.6854,5.686,2025-05-08 13:06:28,2025-01-06 15:42:16
2025-05-09,5.6505,5.6511,2025-05-09 13:08:28,2025-01-06 15:42:16
2025-05-10,5.6816,5.6822,2025-05-12 13:07:51,2025-01-06 15:42:16
2025-05-11,5.6816,5.6822,2025-05-12 13:07:51,2025-01-06 15:42:16
2025-05-12,5.6816,5.6822,2025-05-12 13:07:51,2025-01-06 15:42:16
2025-05-13,5.6256,5.6262,2025-05-13 13:02:29,2025-01-06 15:42:16
2025-05-14,5.6094,5.61,2025-05-14 13:07:28,2025-01-06 15:42:16
2025-05-15,5.6322,5.6328,2025-05-15 13:03:51,2025-01-06 15:42:16
